Momentum Lookback,Volatility Lookback,Trend Lookback,Defensive Exposure,CAGR,Annualised Volatility,Sharpe Ratio,Sortino Ratio,Maximum Drawdown,Calmar Ratio,Beta vs Nifty 50,Average Turnover,Total Transaction Costs,CAGR Difference vs Fixed,Sharpe Difference vs Fixed,Drawdown Improvement vs Fixed
63,21,100,0.5,0.19495662472342623,0.11467982988532174,1.0885635427328206,1.6089984296908373,-0.1347158485761123,1.4471691845022887,0.6825635248081853,0.18929732944895655,100942.60078108922,-0.010262951981426127,0.3222146313935733,0.2238998318285269
63,21,100,0.7,0.19809143720369504,0.1246220483059705,1.0326753138300464,1.5105126775360693,-0.1460683689569643,1.3561556045173488,0.77541421465742,0.15903770986080332,87534.18968937527,-0.007128139501157316,0.2663264024907991,0.2125473114476749
63,21,100,0.8,0.1993680249107661,0.13048609476017023,1.000315900839687,1.4557662115961187,-0.15785688372895523,1.262966936893843,0.8220398839325176,0.14607880544168134,81448.19814394436,-0.005851551794086252,0.2339669895004396,0.20075879667568397
63,21,150,0.5,0.2025432481399012,0.12087857472057126,1.0920910052076498,1.6084045874609694,-0.11299214198258578,1.7925427785156682,0.728351799639734,0.1883569622457227,80314.4332145669,-0.002676328564951147,0.32574209386840247,0.24562353842205342
63,21,150,0.7,0.2025345502426117,0.12854276295174868,1.034361959725538,1.5107319726254396,-0.141045564155045,1.4359512222587494,0.8028754749391489,0.15975924069626368,73316.15345390532,-0.0026850264622406694,0.2680130483862907,0.21757011624959421
63,21,150,0.8,0.2022706456502923,0.13314273846955701,1.001474335350353,1.4563336153767599,-0.15494893009127542,1.30540201556178,0.8403418315380696,0.14757172152877668,70368.89563258446,-0.0029489310545600667,0.2351254240111057,0.2036667503133638
63,21,200,0.5,0.200062886567401,0.12305266065272771,1.0578753304550468,1.5495721096235513,-0.12382599745391665,1.615677569178127,0.7439354935581628,0.19283746802552082,82399.11064041615,-0.005156690137451347,0.29152641911579946,0.23478968295072256
63,21,200,0.7,0.20104285086975682,0.12993397148925348,1.0149501300176733,1.477827823413107,-0.1473722144129016,1.364184230186587,0.8122005440147194,0.162474333058738,75596.54175924149,-0.0041767258350955405,0.248601218678426,0.2112434659917376
63,21,200,0.8,0.20128381886384683,0.13409085455634479,0.9891069838331132,1.4355418121385728,-0.15909708363340236,1.265163472937397,0.8465482056248524,0.14933410394270477,72509.74500307524,-0.003935757841005527,0.22275807249386592,0.19951859677123684
63,63,100,0.5,0.19842797987449434,0.11376615292098227,1.1223323639992693,1.665390576804086,-0.13564501491852843,1.4628475657116837,0.6797982352622478,0.15790497666878933,82955.57865229706,-0.006791596830358015,0.35598345266002196,0.22297066548611078
63,63,100,0.7,0.20223342143577705,0.12371026263332817,1.067758436725727,1.5673210626769196,-0.14824552772723754,1.3641789033114973,0.7726912230116504,0.12456391875223657,67126.35789008504,-0.002986155269075308,0.3014095253864796,0.21037015267740167
63,63,100,0.8,0.20384662336405146,0.12957143021911985,1.035730444989387,1.5123264406458912,-0.16029700343681663,1.2716808112036888,0.8193303244656335,0.10960406136328091,59729.685083755416,-0.0013729533408008976,0.2693815336501396,0.19831867696782257
63,63,150,0.5,0.20604702020136845,0.12002581757368308,1.1236598714153254,1.6600288151029632,-0.1173171431960277,1.7563249034889992,0.7255784197350028,0.15534426439411556,63891.42894091013,0.0008274434965160893,0.3573109600760781,0.2412985372086115
63,63,150,0.7,0.20669013274323933,0.1276693961124537,1.0680580211097457,1.5647323119709033,-0.14435427559951597,1.4318254993476092,0.8001572240284393,0.1240306706084042,54868.5306339707,0.001470556038386972,0.30170910977049836,0.21426140480512323
63,63,150,0.8,0.20677863449639688,0.13225412366952813,1.0361082336798733,1.5112988444586104,-0.1577451375007055,1.3108399902055432,0.8376414117640082,0.10971875516394965,50413.12933952553,0.001559057791544527,0.26975932234062594,0.2008705429039337
63,63,200,0.5,0.2035544318426319,0.12221577676853136,1.0884682813571684,1.5989173430133987,-0.12781919012932652,1.592518554034625,0.7411774403359581,0.15891326105020878,65065.69487721917,-0.001665144862220469,0.3221193700179211,0.23079649027531268
63,63,200,0.7,0.2051955288994587,0.12907087664880276,1.0480836381716152,1.5305223617611727,-0.15047372245058432,1.363663539106272,0.8094945811446344,0.12614395779857493,56249.26329388005,-2.4047805393667687e-05,0.2817347268323679,0.20814195795405488
63,63,200,0.8,0.20578732117383414,0.1332094272441331,1.0233524261391123,1.4896311121854167,-0.16176121559448442,1.2721672523141627,0.8438572497986887,0.11108086846313375,51754.91878017649,0.000567744468981779,0.25700351479986494,0.19685446481015478
63,126,100,0.5,0.1954023947465391,0.11390836943851403,1.0985028174449545,1.6229270486347653,-0.13734188350387166,1.4227443934903565,0.681765616231756,0.15355231190979915,72662.6994874582,-0.00981718195831327,0.33215390610570716,0.22127379690076754
63,126,100,0.7,0.19925459063683482,0.12391723760404862,1.0458204205309367,1.5294542253580714,-0.15008133921883005,1.3276440074025886,0.7752782325311385,0.11934171555249092,57962.672824758294,-0.0059649860680175415,0.2794715091916894,0.20853434118580916
63,126,100,0.8,0.20088268725346414,0.1298152289533814,1.0147160319890978,1.4766425830154508,-0.16215702515352604,1.2388158148761896,0.8222298068297963,0.1042084895162265,51217.66226351141,-0.004336889451388215,0.24836712064985045,0.19645865525111317
63,126,150,0.5,0.20275986269701196,0.12016837557123564,1.0993691756640738,1.6170305855482852,-0.11972813181000952,1.6935022674433882,0.7275179238949914,0.14936905491333569,60581.12413920628,-0.0024597140078403967,0.33302026432482645,0.23888754859462968
63,126,150,0.7,0.2035537506824685,0.12787501707699098,1.0458467904813165,1.5264545094082593,-0.14654026590630176,1.389063609401537,0.8027292955160801,0.11761744360732815,51269.03378734033,-0.001665826022383854,0.27949787914206914,0.21207541449833744
63,126,150,0.8,0.20371706143777812,0.1324966017834541,1.014955935606154,1.4753805790469197,-0.15983111133812067,1.2745770190311527,0.8405323900361983,0.10296406164476753,46650.02528017965,-0.0015025152670742337,0.24860702426690662,0.19878456906651853
63,126,200,0.5,0.20054792617954575,0.12234140340940475,1.0666846044655398,1.5606843793188694,-0.12924675015077902,1.5516670705111495,0.7430613818023515,0.15315601966206616,61971.24193932625,-0.004671650525306603,0.3003356931262925,0.22936893025386018
63,126,200,0.7,0.20222879637983948,0.12926520504009367,1.0273114394279865,1.494910705218865,-0.1520802001399605,1.3297509879243115,0.8120333357842512,0.11990044955685521,52743.89022475229,-0.002990780325012876,0.2609625280887392,0.20653548026467872
63,126,200,0.8,0.20283493993491852,0.13344391420542762,1.0031050579417917,1.4553718621716318,-0.16347702438396572,1.2407550278044646,0.846725608855039,0.10459791885545697,48131.790565361116,-0.0023846367699338344,0.2367561466025444,0.19513865602067348
126,21,100,0.5,0.19327267168250106,0.11507093422578803,1.0727770664326486,1.5813376081032449,-0.13581002181167234,1.4231105267806534,0.6832728284368467,0.1816161784334719,86205.14874822462,-0.011946905022351295,0.30642815509340127,0.22280565859296686
126,21,100,0.7,0.19563199607561876,0.1247398647131788,1.0150495397884622,1.4798915847167513,-0.1473336865543483,1.3278157945464442,0.7751394404673424,0.15005900364553426,73555.70832712478,-0.009587580629233594,0.24870062844921492,0.2112819938502909
126,21,100,0.8,0.196521127576047,0.13045116000510854,0.9820076957542685,1.424029281100022,-0.1577331465996883,1.2459088771924327,0.8212681972010842,0.13649196789753926,67721.15985454683,-0.008698449128805352,0.21565878441502118,0.2008825338049509
126,21,150,0.5,0.200598215208585,0.12117732662721173,1.0761047484085922,1.5779963448444418,-0.1127463983051118,1.779198433157311,0.7286397923651208,0.17824293255331353,75154.12891521431,-0.004621361496267351,0.30975583706934484,0.2458692820995274
126,21,150,0.7,0.1999116084017818,0.1286107385336153,1.0166071236509158,1.4785417421197111,-0.14011238367129109,1.4267947140973773,0.8023575845695017,0.14854635702760835,67474.07501257233,-0.005307968303070565,0.25025821231166845,0.21850329673334812
126,21,150,0.8,0.19932110204816422,0.13307692254565567,0.9831218846876402,1.4236623935827895,-0.1543431350850517,1.291415403337033,0.8394110643758411,0.1356445173225862,63987.44348862747,-0.005898474656688135,0.21677297334839285,0.2042725453195875
126,21,200,0.5,0.1989851502675397,0.12336854448685525,1.0480745687812805,1.5294972400996707,-0.11930624281562818,1.6678519545288557,0.7441311436457589,0.1818538231017093,77161.77745716827,-0.006234426437312646,0.28172565744203315,0.23930943758901102
126,21,200,0.7,0.19894097482469375,0.13001564422743903,1.0006869806680379,1.4514357679427572,-0.14477571068428907,1.3741322621342356,0.8116247301072829,0.15081460673075692,69650.28749514384,-0.006278601880158607,0.23433806932879053,0.21383996972035013
126,21,200,0.8,0.19867906133198354,0.13403528308132012,0.9729833204830383,1.4065563957701857,-0.15741110147195247,1.262166768888179,0.8455766246188778,0.13727811043307653,66070.58954899265,-0.006540515372868816,0.20663440914379094,0.20120457893268673
126,63,100,0.5,0.19677944717103935,0.11411709489273723,1.106950247707932,1.6380320666514596,-0.13673850428299528,1.439093166938427,0.6805147412463022,0.14957329941633937,69970.57145146414,-0.008440129533813012,0.3406013363686847,0.22187717612164393
126,63,100,0.7,0.19981652442026143,0.12378415155739982,1.0506468879550133,1.5372190742819496,-0.14801806418682972,1.3499468832942663,0.7724175673509537,0.11472753158977923,54937.30306630902,-0.005403052284590926,0.28429797661576595,0.21059761621780948
126,63,100,0.8,0.2010640774161978,0.1294918549284253,1.0180991745225851,1.4813847603826504,-0.1601453005638327,1.255510319118326,0.8185648295819231,0.09816907585610352,47362.58570989818,-0.004155499288654552,0.2517502631833378,0.1984703798408065
126,63,150,0.5,0.204108931165361,0.12028171088630626,1.1079198732268096,1.6296204929505436,-0.11566306842555985,1.7646854258991447,0.7258733630712113,0.14458833847995972,58690.904869443315,-0.0011106455394913617,0.3415709618875623,0.24295261197907936
126,63,150,0.7,0.20409082733998773,0.127692113617922,1.050706404571667,1.532851126558605,-0.14340784213933977,1.4231496987569647,0.7996397509398423,0.11174565044014707,48682.53568233365,-0.001128749364864623,0.28435749323241966,0.21520783826529943
126,63,150,0.8,0.20386672725426913,0.13214293483827727,1.0182652216983537,1.4791382174744891,-0.15712037555473235,1.2975193480444098,0.8367165818204446,0.09612374720710612,43437.707642113375,-0.0013528494505832267,0.25191631035910633,0.20149530484990685
126,63,200,0.5,0.20247844065330822,0.12248940334964444,1.0788828124795034,1.578913121436093,-0.12333007942734187,1.6417604009782176,0.7413814358888284,0.14735931443027045,59860.42214755529,-0.002741136051544135,0.31253390114025603,0.23528560097729734
126,63,200,0.7,0.20311137123076106,0.12910773035473178,1.0341810252557002,1.5044404250052041,-0.14787864034143183,1.3735003970945656,0.8089204653609844,0.11348610860893918,50055.02545899734,-0.002108205474091296,0.2678321139164529,0.21073704006320737
126,63,200,0.8,0.20321412535206873,0.1331087640378228,1.0076949353450542,1.461132494745645,-0.16006729152397592,1.269554344409145,0.842893019135749,0.09746693883616063,44826.513676671726,-0.002005451352783627,0.24134602400580685,0.19854838888066328
126,126,100,0.5,0.19379295044078315,0.11420897420840645,1.0839017986284878,1.5969007737225518,-0.13842329881942217,1.4000023991162973,0.6824952060753028,0.14027491599864775,65329.75670482862,-0.011426626264069206,0.31755288728924047,0.22019238158521703
126,126,100,0.7,0.19687621397256883,0.12395325561925787,1.0292506029139161,1.5003733311817216,-0.14983394268748262,1.3139627139306145,0.7750175951135525,0.10506698511336128,50053.09400138132,-0.008343362732283532,0.2629016915746688,0.20878173771715658
126,126,100,0.8,0.1981464385038283,0.1297045194182083,0.997571648919198,1.4466647045717282,-0.16198051178921036,1.2232733204453734,0.8214774619776135,0.08834859276264947,42317.14136869645,-0.007073138201024065,0.2312227375799507,0.19663516861542885
126,126,150,0.5,0.2009087157328111,0.12038278327572303,1.0846071418050964,1.5884227550078183,-0.11806392949934541,1.7016942988834283,0.7278279012840536,0.134919277815577,53768.66178911456,-0.004310860972041253,0.3182582304658491,0.2405517509052938
126,126,150,0.7,0.20103533209252689,0.12786505310635457,1.0292489430240546,1.4960056110806854,-0.14558258538161262,1.3809023350255605,0.8022252024457648,0.10182698283765715,43459.04612566477,-0.004184244612325472,0.26290003168480724,0.2130330950230266
126,126,150,0.8,0.2008820843559458,0.13235780217016502,0.9977536052388386,1.4444710578047097,-0.1591884286271451,1.2619138594957586,0.8396209145571296,0.0859319610148576,38021.10392157007,-0.004337492348906569,0.23140469389959128,0.1994272517774941
126,126,200,0.5,0.19955286691265783,0.12258120813223952,1.0579577826503486,1.5421165651403352,-0.12476586703363446,1.5994187485497315,0.7432799010177562,0.13793087091366021,55121.25771372941,-0.005666709792194524,0.29160887131110125,0.23384981337100474
126,126,200,0.7,0.20022201447110533,0.12927410000500672,1.0141011868972156,1.4700693141062486,-0.14948657647778663,1.339397952570396,0.811472304597841,0.10387106190991566,44882.91918902068,-0.004997562233747033,0.2477522755579683,0.20912910392685258
126,126,200,0.8,0.20033954412389887,0.13331888316050503,0.9880707563644442,1.4280363395186304,-0.1617649644045943,1.2384606571718753,0.8457748773016195,0.0875970910760302,39420.64137073313,-0.004880032580953486,0.22172184502519687,0.1968507160000449
189,21,100,0.5,0.19276688170160128,0.11556282607658577,1.064985443290054,1.5642497207845611,-0.1422194138843622,1.3554189012362188,0.6867364423801299,0.18178436856058125,88575.68854744884,-0.01245269500325108,0.29863653195080675,0.216396266520277
189,21,100,0.7,0.19430635107269656,0.1254033899226181,1.0013520907003275,1.45498271528175,-0.15601480549127789,1.2454353319919973,0.7795030137051422,0.14876776146314633,74616.82112215187,-0.010913225632155799,0.23500317936108017,0.20260087491336132
189,21,100,0.8,0.19477460848041872,0.13121484487077245,0.9657372864112098,1.3958684978757319,-0.1659211940820492,1.1738983049031175,0.826099430853438,0.13468410506849726,68198.60585974333,-0.010444968224433637,0.1993883750719625,0.19269448632259
189,21,150,0.5,0.20161163957649486,0.12162851573282255,1.0796231456064578,1.5846606596299468,-0.11630879066384192,1.7334170394669222,0.7318463284933245,0.17723903264774601,77285.89364732028,-0.003607937128357497,0.31327423426721046,0.24230688974079728
189,21,150,0.7,0.1994805822397121,0.1292453037813989,1.0094214198959062,1.467075648047528,-0.14708634517245267,1.3562141475867753,0.8065714566927402,0.14696666246068127,68772.81159430082,-0.005738994465140257,0.24307250855665885,0.21152933523218653
189,21,150,0.8,0.19816822654721378,0.13381999261257163,0.9710934356368917,1.4041335264517438,-0.1622913311865981,1.2210647672817805,0.8441449599731169,0.13379561952241656,64856.865144912044,-0.007051350157638581,0.20474452429764434,0.1963243492180411
189,21,200,0.5,0.19986080106154525,0.12380173736548607,1.0508416098872821,1.5344442617268546,-0.12473704197077007,1.6022570192772336,0.7473636822975765,0.1789724282472692,75952.08414227937,-0.005358775643307112,0.28449269854803483,0.23387863843386913
189,21,200,0.7,0.1984260251245864,0.1306369537402611,0.993202855398876,1.4393421507390387,-0.15199198552012416,1.305503210880249,0.8158568924527443,0.14811686954667214,68179.2178661142,-0.006793551580265955,0.22685394405962866,0.20662369488451504
189,21,200,0.8,0.19747042100140488,0.1347685998185485,0.9608061286879115,1.3867370781858728,-0.16550315816561878,1.1931519808449607,0.8503248886744972,0.1345574781354137,64395.527506229264,-0.0077491557034474745,0.19445721734866417,0.19311252223902042
189,63,100,0.5,0.19627918707756975,0.11459505691372678,1.0991140492589295,1.6207419621622021,-0.1431582888620324,1.3710640762598953,0.6839584689036596,0.1478644331144724,71335.23454361278,-0.008940389627282608,0.3327651379196822,0.2154573915426068
189,63,100,0.7,0.19848087703894035,0.12442573969513486,1.0367728424538454,1.5117723160100935,-0.15620036189966002,1.2706812879629592,0.7767650454930688,0.11170991806592995,55304.86714859069,-0.006738699665912007,0.27042393111459806,0.20241531850497918
189,63,100,0.8,0.19930984298289456,0.13022773381806282,1.0016699463398047,1.4526487995156583,-0.16835949667362837,1.1838348707424844,0.8233758815988477,0.09450963260630911,47106.04523494765,-0.0059097337219577994,0.23532103500055734,0.19025618373101083
189,63,150,0.5,0.2051605221811108,0.12070210617819925,1.1118412700934444,1.636950637037361,-0.12066763838893069,1.7002116302288632,0.7290719917907987,0.1412068687001663,59178.15075849549,-5.9054523741552956e-05,0.34549235875419704,0.23794804201570852
189,63,150,0.7,0.20369634916375579,0.12829374063121737,1.0437816503959558,1.5216385134464974,-0.15040513197592686,1.3543178114185523,0.803845890538478,0.10777219834038962,48335.303492755615,-0.0015232275410965723,0.2774327390567085,0.20821054842871234
189,63,150,0.8,0.20273866871857948,0.13285073332569114,1.0063679059153594,1.459563556249269,-0.16509314191628677,1.2280259880291182,0.8414352982776564,0.09197965791831214,42782.12607384693,-0.0024809079862728733,0.2400189945761121,0.19352253848835244
189,63,200,0.5,0.20338824975509961,0.12289388467600815,1.081999517804718,1.5844366364065257,-0.12878410327626488,1.5792962375084099,0.7446079462362655,0.14215696355870575,57706.96259348703,-0.001831326949752743,0.3156506064654706,0.22983157712837432
189,63,200,0.7,0.20263089010561774,0.12969744854506357,1.026934627195921,1.4925710402585093,-0.155125191268223,1.306241033123072,0.813144584906074,0.10836625780149917,47665.23329835938,-0.002588686599234613,0.26058571585667367,0.2034904891364162
189,63,200,0.8,0.20202888912536454,0.13380773548526742,0.9956360071847113,1.4412556346515206,-0.1681999883895018,1.2011230860344946,0.8476237710500687,0.09236614536487686,42387.299268847804,-0.0031906875794878164,0.22928709584546403,0.19041569201513742
189,126,100,0.5,0.19326837799533636,0.11473241941050066,1.0755967922236502,1.5795149669109105,-0.1448334041191104,1.3344185284521328,0.6859354089043339,0.14106146106725834,67463.2497782898,-0.011951198709515998,0.3092478808844029,0.21378227628552882
189,126,100,0.7,0.1955149343726661,0.12463752904951421,1.0150036247944396,1.4749001877373515,-0.15787658209637723,1.2384036427474228,0.7793620661601253,0.104739063136595,51216.5141314913,-0.009704642332186264,0.2486547134551923,0.20073909830826198
189,126,100,0.8,0.19635626199465483,0.13048172224406368,0.9807543951662753,1.4178367712156152,-0.170181684095149,1.1538037306345585,0.8262866473367406,0.08751333767507477,43006.56725660476,-0.008863314710197523,0.21440548382702795,0.1884339963094902
189,126,150,0.5,0.20191400321252573,0.12084173955927843,1.0879926577721406,1.595205270608818,-0.12305715826685348,1.6408147730396032,0.7310243797675503,0.13438105450247181,55118.48159566452,-0.00330557349232663,0.3216437464328933,0.23555852213778572
189,126,150,0.7,0.2005947006834088,0.1285051487215524,1.0218558660242274,1.4844399803854287,-0.152562753706309,1.3148340326208565,0.8064299117410368,0.10094406942125547,44081.54295199833,-0.004624876021443569,0.2555069546849801,0.2060529266983302
189,126,150,0.8,0.19970557948006018,0.13310400799606556,0.9854128138409838,1.4246090028978182,-0.16714166289081145,1.1948282434555035,0.844338326915839,0.08503004551609279,38403.91111123299,-0.005513997224792178,0.21906390250173646,0.19147401751382775
189,126,200,0.5,0.2004165774007569,0.1230190816646431,1.0605838561603038,1.5471445123297025,-0.13021972833626638,1.5390646253171503,0.746502476242617,0.135345508640778,53885.15166781009,-0.0048029993040954455,0.2942349448210565,0.22839595206837282
189,126,200,0.7,0.19969477399594782,0.1298988464698577,1.0064063404959416,1.4578563745102429,-0.15673014192599544,1.2741312650009553,0.8156927271012994,0.10157602104703572,43548.8929056933,-0.0055248027089045415,0.24005742915669426,0.20188553847864377
189,126,200,0.8,0.19910830568136784,0.1340538590738425,0.9755986044991506,1.4079010095766222,-0.1698823304327356,1.1720365806978623,0.8505024120846517,0.085438003897753,38059.760469557106,-0.006111271023484521,0.20924969315990327,0.1887333499719036
252,21,100,0.5,0.194007008753311,0.11541790794021171,1.0752965568312909,1.5934023224618103,-0.13613131584962512,1.4251460624065162,0.6847073884410055,0.17528288463808922,85371.88194927682,-0.011212567951541352,0.30894764549204357,0.22248436455501408
252,21,100,0.7,0.19465184899956123,0.12526940184583943,1.004596720774625,1.469799454402973,-0.14923139653186257,1.3043625773347292,0.7774624250651214,0.1442323205396997,71471.46341036368,-0.01056772770529113,0.2382478094353776,0.20938428387277663
252,21,100,0.8,0.19468072533916647,0.13108610350105954,0.9659056538997708,1.4044986249654716,-0.16257830299211307,1.1974582201698263,0.8240514912956951,0.13073482226981875,65090.67243858237,-0.010538851365685886,0.19955674256052347,0.19603737741252614
252,21,150,0.5,0.20187916378390547,0.12180278207602109,1.0800763879771311,1.5958906994973407,-0.11280680453188852,1.7896009431491142,0.7312548685473963,0.17036339605088424,74447.73437400206,-0.003340412920946889,0.3137274766378838,0.2458088758727507
252,21,150,0.7,0.19926458820768644,0.12931605523609424,1.007485752340864,1.4727338071630267,-0.14370631352971408,1.3866098385892045,0.8053896059979201,0.14199159309843784,65687.86437378202,-0.005954988497165914,0.2411368410016167,0.21490936687492512
252,21,150,0.8,0.1976992426477706,0.13383080980822643,0.9680112804494205,1.4071234616446233,-0.1589715416035633,1.2436140497447326,0.8426650007793146,0.12973673065830785,61877.35982962454,-0.007520334057081746,0.2016623691101732,0.1996441388010759
252,21,200,0.5,0.19944159980305054,0.1239681401368384,1.0466928685360417,1.5371709873404353,-0.12124383254000703,1.6449628457368375,0.7467261768185843,0.1711549107584753,73288.02840364205,-0.005777976901801818,0.2803439571967944,0.23737184786463217
252,21,200,0.7,0.19780160593524965,0.13070404239999084,0.9886657764991789,1.4402907458290066,-0.14860755165785589,1.331033340692234,0.81465054659997,0.14228425224289876,65073.9409697946,-0.007417970769602711,0.22231686515993154,0.21000812874678332
252,21,200,0.8,0.19673335685720783,0.1347777127970702,0.956064078612904,1.38675655336809,-0.1621726479331259,1.2131105914872493,0.8488297217260954,0.1296443707465531,61270.869418954244,-0.008486219847644527,0.18971516727365667,0.1964430324715133
252,63,100,0.5,0.1974631303940788,0.11441413692050525,1.1094275672780645,1.6505853705503377,-0.13706834133736034,1.4406180775768738,0.6819262665884526,0.14238418523544294,69433.26640822084,-0.007756446310773546,0.34307865593881715,0.22154733906727886
252,63,100,0.7,0.19876533309404,0.12425407613772824,1.0399365445057678,1.5269752748635652,-0.1519744879286783,1.307886184076637,0.7747188623453583,0.10802095401379533,53618.54741905855,-0.006454243610812371,0.27358763316652046,0.2066411924759609
252,63,100,0.8,0.19915333489622244,0.13006143219803667,1.0017234278665585,1.4615453978249726,-0.16500537134605253,1.2069506178593068,0.8213234777747516,0.09148734720049224,45557.28470324626,-0.006066241808629913,0.23537451652731123,0.19361030905858667
252,63,150,0.5,0.20538514845011457,0.12083601716825736,1.1122779426027358,1.6485559647599919,-0.1171388213287593,1.7533482591026337,0.7284736126837426,0.13502817955840948,57367.58013141069,0.0001655717452622163,0.3459290312634885,0.2414768590758799
252,63,150,0.7,0.20341723226019948,0.12832482492040204,1.0416853472856515,1.5274215412702963,-0.1469956533812522,1.383831613936302,0.802660392097737,0.10379563368223717,46797.262192818314,-0.0018023444446528814,0.2753364359464042,0.211620027023387
252,63,150,0.8,0.20221607022561372,0.1328229061573408,1.0031850293473776,1.4627574176096105,-0.16174260724579836,1.2502337737038474,0.8399538851591527,0.08887250690977953,41341.04456866747,-0.003003506479238638,0.23683611800813031,0.19687307315884084
252,63,200,0.5,0.20292695137447825,0.1230175957156275,1.0778288721849447,1.587426288997299,-0.12526435184522366,1.6199896330059993,0.7439623852828686,0.1351790257176454,56017.044490609114,-0.0022926253303741095,0.3114799608456974,0.23335132855941554
252,63,200,0.7,0.20195050795818514,0.1297231966592344,1.0222819752807595,1.4936538469752094,-0.15171185901812645,1.3311451673270724,0.811930340684588,0.10365042169401878,45913.14167629237,-0.003269068746667214,0.25593306394151216,0.20690382138651275
252,63,200,0.8,0.20123791906455635,0.13377692489392354,0.9907913344386604,1.4414387274537517,-0.16483947890819484,1.2208114245291515,0.84612630298552,0.08876018184081262,40797.16132763662,-0.00398165764029601,0.2244424230994131,0.19377620149644437
252,126,100,0.5,0.19447429547214212,0.11448180065968376,1.086635527043802,1.6101387451618545,-0.13872704596872176,1.4018484579855428,0.683926302652859,0.13537314644386306,65483.0036826828,-0.010745281232710235,0.32028661570455463,0.21988863443591744
252,126,100,0.7,0.19581795076924413,0.12439696747446255,1.0187565760437944,1.4907673359186495,-0.1537548677381636,1.2735723665198797,0.7773387720813193,0.10093135143560134,49542.13242176874,-0.009401625935608227,0.2524076647045471,0.2048608126664756
252,126,100,0.8,0.19622908255730187,0.1302467970796812,0.9814162837319401,1.4274580698145451,-0.1668024574968484,1.1764160162988573,0.8242582171316765,0.08422847373980744,41367.556071072744,-0.008990494147550487,0.2150673723926928,0.1918132229077908
252,126,150,0.5,0.2021699699414432,0.12089879613403154,1.0892923489600959,1.607887747533829,-0.11950917408447093,1.691669041228135,0.7304436802255486,0.12782779070016342,53095.811734730254,-0.0030496067634091517,0.32294343762084854,0.23910650632016828
252,126,150,0.7,0.2003455414879589,0.12846225082680804,1.020473038957394,1.4911064687059152,-0.14913414490499943,1.3433914923747468,0.8052620481939002,0.0963996242487213,42302.25237248749,-0.004874035216893446,0.2541241276181466,0.20948153549963977
252,126,150,0.8,0.19921694299053128,0.1330038140046289,0.9829004129072723,1.4286362075703487,-0.16377203825211917,1.216428305568539,0.8428760376867402,0.08118357857460357,36681.93297329381,-0.006002633714321082,0.21655150156802494,0.19484364215252004
252,126,200,0.5,0.1999858928655467,0.12306720885420444,1.057213733131425,1.5512069678312213,-0.12667597027381838,1.5787200400617742,0.7458757330675605,0.12807775015570397,51942.448189442264,-0.0052336838393056695,0.29086482179217776,0.23193971013082082
252,126,200,0.7,0.1990407028936434,0.12985141991367297,1.0024158965104706,1.459793368076249,-0.15329439561658253,1.298421263824157,0.8144984688989237,0.09641646029864268,41610.35355855536,-0.0061788738112089625,0.23606698517122326,0.20532128478805667
252,126,200,0.8,0.19834809561612254,0.13395126431628132,0.9713879599807518,1.4088922645470967,-0.16650017027097064,1.1912786352910092,0.849026149242054,0.08118032135248753,36244.82591752023,-0.006871481088729814,0.20503904864150446,0.19211551013366857
