Signal Date,Execution Date,Ticker,Model Used,Observations,Daily Volatility Forecast (%),Annualised Volatility Forecast (%),Alpha,Beta,Gamma,Persistence,Degrees of Freedom,Fallback Reason
2023-12-29,2024-01-01,BEL.NS,"GJR-GARCH(1,1) — Student's t",756,1.6362744794744255,25.97505209598595,3.22997495817532e-10,0.9972576191294531,-3.1807192556393865e-09,0.997257617862091,6.3214479969627835,
2023-12-29,2024-01-01,BHARTIARTL.NS,"GJR-GARCH(1,1) — Student's t",756,1.007663339087293,15.996159603011574,0.011241437961762878,0.992644131297358,-0.01124146686917525,0.9982648358245333,7.588163009817533,
2023-12-29,2024-01-01,HDFCBANK.NS,"GJR-GARCH(1,1) — Student's t",756,1.08778605748118,17.268068326431685,0.03371728380655739,0.9441900325910266,0.006504917835935879,0.981159775315552,4.367263866310158,
2023-12-29,2024-01-01,HINDUNILVR.NS,"GJR-GARCH(1,1) — Student's t",756,0.809772226989324,12.854735587324186,0.015731416463674253,0.9766483406210756,0.013817742257450213,0.999288628213475,5.6064990804132595,
2023-12-29,2024-01-01,LT.NS,"GJR-GARCH(1,1) — Student's t",756,1.2202032837187127,19.370126625984618,0.006086610985643077,0.975030661262987,0.01980944661869006,0.9910219955579751,7.709826765127091,
2023-12-29,2024-01-01,M&M.NS,"GJR-GARCH(1,1) — Student's t",756,1.6576958166797455,26.315105281960346,0.02571097245651354,0.9640838199256861,-0.010126174653656237,0.9847317050553716,4.541356741740283,
2023-12-29,2024-01-01,POWERGRID.NS,"GJR-GARCH(1,1) — Student's t",756,1.56383515251162,24.825113430279078,0.2520021904776166,0.4626998859961107,-0.10577364560961346,0.6618152536689206,5.325854667044817,
2023-12-29,2024-01-01,SUNPHARMA.NS,"GJR-GARCH(1,1) — Student's t",756,0.9493901638100117,15.071101623672991,0.00012925521271640815,0.9824209765087014,0.03326624460607757,0.9991833540244567,6.002664108550815,
2023-12-29,2024-01-01,TCS.NS,"GJR-GARCH(1,1) — Student's t",756,1.2096929717881977,19.20328059656547,0.0,0.5137490818933101,0.22792702047642396,0.6277125921315221,4.873279185361147,
2023-12-29,2024-01-01,TRENT.NS,"GJR-GARCH(1,1) — Student's t",756,1.3797995611226637,21.903638987079805,0.012770995623048516,0.9321864711253637,0.0819482046014038,0.985931569049114,5.036230277880893,
2024-01-31,2024-02-01,BEL.NS,"GJR-GARCH(1,1) — Student's t",756,1.901463522615054,30.184797647401645,0.12634364543315785,0.16467569439971588,0.10382955596600811,0.3429341178158778,6.200897046871232,
2024-01-31,2024-02-01,BHARTIARTL.NS,"GJR-GARCH(1,1) — Student's t",756,1.2146011604827258,19.281195676606472,0.013332705304474283,0.9897248890843546,-0.013332708336572496,0.9963912402205427,7.034089617437416,
2024-01-31,2024-02-01,HDFCBANK.NS,"GJR-GARCH(1,1) — Student's t",756,2.0114208799815363,31.930316581883055,0.02565972074355846,0.9491622195198282,0.015052300056081361,0.9823480902914273,4.100097202484897,
2024-01-31,2024-02-01,HINDUNILVR.NS,"GJR-GARCH(1,1) — Student's t",756,1.6146039255859792,25.631042717814836,0.029708442726347963,0.9646921021834731,0.002485280645585633,0.995643185232614,4.635788341838025,
2024-01-31,2024-02-01,LT.NS,"GJR-GARCH(1,1) — Student's t",756,1.5751552205870154,25.004813939989983,0.0015190902903617473,0.9678834408182553,0.030366316175653295,0.9845856891964437,8.050139493432988,
2024-01-31,2024-02-01,M&M.NS,"GJR-GARCH(1,1) — Student's t",756,1.630281073307924,25.87990972264937,0.0235466713949443,0.9582006157289877,-0.006395022904760657,0.9785497756715517,4.739766494465353,
2024-01-31,2024-02-01,POWERGRID.NS,"GJR-GARCH(1,1) — Student's t",756,1.706548467702046,27.090617074907737,0.051722227236755555,0.9550093576251313,-0.05172222723679393,0.9808704712434898,6.1740224936548,
2024-01-31,2024-02-01,SUNPHARMA.NS,"GJR-GARCH(1,1) — Student's t",756,1.153937700791649,18.318193108538185,0.004294574002421174,0.9746197843228387,0.02758343004815937,0.9927060733493396,5.620220097724988,
2024-01-31,2024-02-01,TCS.NS,"GJR-GARCH(1,1) — Student's t",756,1.2323031170961432,19.562205526116614,0.0,0.5654771611580078,0.1850126956459846,0.6579835089810001,4.647864417733575,
2024-01-31,2024-02-01,TRENT.NS,"GJR-GARCH(1,1) — Student's t",756,1.9722156813660618,31.30795334805842,0.0017831709204976373,0.9636868555749749,0.052665262615698476,0.9918026578033218,4.9840302960888145,
2024-02-29,2024-03-01,BEL.NS,"GJR-GARCH(1,1) — Student's t",756,1.7801455369436066,28.25893432952596,0.13919786445674073,0.1387193271657792,0.10752957281324675,0.3316819780291433,6.082726752424752,
2024-02-29,2024-03-01,BHARTIARTL.NS,"GJR-GARCH(1,1) — Student's t",756,1.170970639531228,18.588582628547332,0.013933382799437831,0.9910411326438294,-0.013933382292508652,0.9980078242970128,6.739941206596144,
2024-02-29,2024-03-01,HDFCBANK.NS,"GJR-GARCH(1,1) — Student's t",756,1.4205641778750677,22.550757216386117,0.031155778888319885,0.9449163184474692,0.0009708316004627983,0.9765575131360205,4.192747899612119,
2024-02-29,2024-03-01,HINDUNILVR.NS,"GJR-GARCH(1,1) — Student's t",756,1.1032123044892057,17.512952405909427,0.0619027861458566,0.9442019033649892,-0.040193165255993125,0.9860081068828493,4.450674381275392,
2024-02-29,2024-03-01,LT.NS,"GJR-GARCH(1,1) — Student's t",756,1.4818455373879194,23.523568640035805,2.61549640050767e-16,0.9623607553453015,0.03474624462904689,0.9797338776598252,10.260051034833559,
2024-02-29,2024-03-01,M&M.NS,"GJR-GARCH(1,1) — Student's t",756,1.8539111319595973,29.429926847876064,0.025939311306986568,0.9399798042142911,0.0034599419808682896,0.9676490865117118,4.430947277105105,
2024-02-29,2024-03-01,POWERGRID.NS,"GJR-GARCH(1,1) — Student's t",756,2.095568724652897,33.26612220405813,0.08388110539356841,0.9281564579505197,-0.08388110539356843,0.9700970106473039,6.388490286030531,
2024-02-29,2024-03-01,SUNPHARMA.NS,"GJR-GARCH(1,1) — Student's t",756,1.101187335871612,17.480807025660248,0.03743735701373053,0.7995005189527497,0.13572538841027407,0.9048005701716172,5.237515134574095,
2024-02-29,2024-03-01,TCS.NS,"GJR-GARCH(1,1) — Student's t",756,1.280043855980626,20.320066261085493,4.43094659646979e-12,0.5855786618095536,0.1736351611863624,0.6723962424071658,4.433025722268634,
2024-02-29,2024-03-01,TRENT.NS,"GJR-GARCH(1,1) — Student's t",756,2.2000114346402486,34.92409882533917,0.004356162729445064,0.9515501797070411,0.0655502211162541,0.9886814529946133,4.390329273852567,
2024-03-28,2024-04-01,BEL.NS,"GJR-GARCH(1,1) — Student's t",756,1.7628405566143321,27.984226283161213,0.05298360851984795,0.3721118752885861,0.19089227684175375,0.5205416222293109,5.830786230786867,
2024-03-28,2024-04-01,BHARTIARTL.NS,"GJR-GARCH(1,1) — Student's t",756,1.2891744592310574,20.46501009420933,0.018843287468476737,0.98834119008071,-0.018843287468476737,0.9977628338149483,6.735257918304008,
2024-03-28,2024-04-01,HDFCBANK.NS,"GJR-GARCH(1,1) — Student's t",756,1.1956537387536543,18.980414681320564,0.03686575556163417,0.9238477368167064,0.004024617810161675,0.9627258012834214,4.162845486106287,
2024-03-28,2024-04-01,HINDUNILVR.NS,"GJR-GARCH(1,1) — Student's t",756,1.0720173956894634,17.017748580776676,0.05103406064477707,0.9505574382721886,-0.02835367581580084,0.9874146610090653,4.377145748047799,
2024-03-28,2024-04-01,LT.NS,"GJR-GARCH(1,1) — Student's t",756,1.4386597326206245,22.838015242541104,2.482370027563265e-15,0.9638055589517635,0.03466384236587284,0.9811374801347024,10.374088410008655,
2024-03-28,2024-04-01,M&M.NS,"GJR-GARCH(1,1) — Student's t",756,1.8829329211486963,29.890633468655057,0.034749749896839224,0.9259133278504473,0.0009016999831243987,0.9611139277388487,4.629405094269344,
2024-03-28,2024-04-01,POWERGRID.NS,"GJR-GARCH(1,1) — Student's t",756,1.8944500957476371,30.073462947424503,0.12650163084321867,0.8742353535738385,-0.11617390226391605,0.9426500332850992,6.078326213319525,
2024-03-28,2024-04-01,SUNPHARMA.NS,"GJR-GARCH(1,1) — Student's t",756,1.2200909958998722,19.368344112121136,0.03809157783029318,0.7649785992604775,0.15126595470723483,0.8787031544443881,5.162167947805051,
2024-03-28,2024-04-01,TCS.NS,"GJR-GARCH(1,1) — Student's t",756,1.3093679930537787,20.785572505728283,0.0,0.4612330902889102,0.1915732569968816,0.557019718787351,4.450568411857544,
2024-03-28,2024-04-01,TRENT.NS,"GJR-GARCH(1,1) — Student's t",756,1.951388906720641,30.977338550118205,0.0006842241398122581,0.9397610549212773,0.08384428864957139,0.9823674233858752,4.425822803191638,
2024-04-30,2024-05-02,BEL.NS,"GJR-GARCH(1,1) — Student's t",756,1.8310458655661042,29.06695199664551,0.11275430979656018,0.24328445346954158,0.1422500558629932,0.42716379119759834,5.5737363889234395,
2024-04-30,2024-05-02,BHARTIARTL.NS,"GJR-GARCH(1,1) — Student's t",756,1.3717730494291551,21.776222064061553,0.01610718572819561,0.9889912247303503,-0.016107185728195604,0.9970448175944481,6.576646024053782,
2024-04-30,2024-05-02,HDFCBANK.NS,"GJR-GARCH(1,1) — Student's t",756,1.2085910417375911,19.185787999308907,0.031561377065827116,0.9174481840568182,0.009790014298432253,0.9539045682718613,4.191583405486491,
2024-04-30,2024-05-02,HINDUNILVR.NS,"GJR-GARCH(1,1) — Student's t",756,0.984141261970004,15.622758204779393,0.03588056980338078,0.9681520112612232,-0.017789004154614044,0.995138078987297,4.382586207438322,
2024-04-30,2024-05-02,LT.NS,"GJR-GARCH(1,1) — Student's t",756,1.446978617944143,22.970073453048876,9.625477288181212e-17,0.9584126856661483,0.037971171049577986,0.9773982711909375,10.59944512782969,
2024-04-30,2024-05-02,M&M.NS,"GJR-GARCH(1,1) — Student's t",756,1.832543234823021,29.090721996693325,0.03318829877898906,0.9205445544741949,-0.0057458573365351566,0.9508599245849164,4.966266341851283,
2024-04-30,2024-05-02,POWERGRID.NS,"GJR-GARCH(1,1) — Student's t",756,1.6935232034738081,26.883847415454802,0.1448836533093113,0.8300861103930032,-0.13490241639900857,0.9075185555028102,5.703485153866307,
2024-04-30,2024-05-02,SUNPHARMA.NS,"GJR-GARCH(1,1) — Student's t",756,1.5802553098120968,25.08577534651282,0.032969892625977146,0.7642333391966982,0.14925967688853986,0.8718330702669453,4.745255574679916,
2024-04-30,2024-05-02,TCS.NS,"GJR-GARCH(1,1) — Student's t",756,1.35339180056726,21.48442878440937,0.0,0.4697781825386384,0.1892578121997375,0.5644070886385072,4.695808221416907,
2024-04-30,2024-05-02,TRENT.NS,"GJR-GARCH(1,1) — Student's t",756,1.661319946569706,26.372636560407333,1.0274028491796554e-19,0.9367181110630115,0.0889434847930608,0.9811898534595419,4.531389087897629,
2024-05-31,2024-06-03,BEL.NS,"GJR-GARCH(1,1) — Student's t",756,1.853765068978514,29.42760816993387,0.16257707092576545,0.14580162526363083,0.07830904054330409,0.34753321646104834,5.613446830940379,
2024-05-31,2024-06-03,BHARTIARTL.NS,"GJR-GARCH(1,1) — Student's t",756,1.381968096778399,21.938063423405318,0.01920183017419428,0.987826162181697,-0.019201830174238578,0.9974270772687721,6.9890389624460525,
2024-05-31,2024-06-03,HDFCBANK.NS,"GJR-GARCH(1,1) — Student's t",756,1.2318730544033165,19.5553784925163,0.03492936054178225,0.8817513789171011,0.019386537167418665,0.9263740080425927,4.220593101916688,
2024-05-31,2024-06-03,HINDUNILVR.NS,"GJR-GARCH(1,1) — Student's t",756,1.2958446270686634,20.570895726017532,0.030241200768503087,0.9726964071215997,-0.011542436158668375,0.9971663898107684,4.132379132489732,
2024-05-31,2024-06-03,LT.NS,"GJR-GARCH(1,1) — Student's t",756,1.6243684893895722,25.786050362726815,0.0,0.9696058179289364,0.030145922017061344,0.9846787789374671,9.473720615636955,
2024-05-31,2024-06-03,M&M.NS,"GJR-GARCH(1,1) — Student's t",756,1.9570082950335455,31.066543574095693,0.029396618739785628,0.9575025668480308,-0.013723322496019489,0.9800375243398066,4.815368776970207,
2024-05-31,2024-06-03,POWERGRID.NS,"GJR-GARCH(1,1) — Student's t",756,1.6010659698187464,25.41613433249309,0.16757540711123306,0.8132077965326752,-0.158936868885296,0.9013147692012602,5.783308094716617,
2024-05-31,2024-06-03,SUNPHARMA.NS,"GJR-GARCH(1,1) — Student's t",756,1.3080340482322135,20.76439678816502,0.010506222850611405,0.9812223666967321,0.005309523682742871,0.994383351388715,4.9531505556598185,
2024-05-31,2024-06-03,TCS.NS,"GJR-GARCH(1,1) — Student's t",756,1.3213452159960066,20.975705025542155,0.0,0.9739743419558473,0.014079934120283827,0.9810143090159892,5.183569481547636,
2024-05-31,2024-06-03,TRENT.NS,"GJR-GARCH(1,1) — Student's t",756,1.7437205031028442,27.680704843287348,0.00010294301910257326,0.945684867645477,0.07907336957559916,0.9853244954523791,4.397096480764813,
2024-06-28,2024-07-01,BEL.NS,"GJR-GARCH(1,1) — Student's t",756,1.752971521993033,27.82756021543175,0.27295877801163193,0.10604279698078277,-0.040695919180273356,0.358653615402278,5.084604194276983,
2024-06-28,2024-07-01,BHARTIARTL.NS,"GJR-GARCH(1,1) — Student's t",756,1.678315580910901,26.642433891450878,0.0239363487829852,0.9796504430161587,-0.013394146225487161,0.9968897186864003,6.020422419809856,
2024-06-28,2024-07-01,HDFCBANK.NS,"GJR-GARCH(1,1) — Student's t",756,1.2726261270171226,20.20231346430363,0.07261320079526365,0.3596792538482358,0.13051112192126962,0.4975480156041342,3.864208811133187,
2024-06-28,2024-07-01,HINDUNILVR.NS,"GJR-GARCH(1,1) — Student's t",756,1.5682273514830556,24.89483742740187,0.032917971004567434,0.970783972880334,-0.014160875693795432,0.9966215060380038,4.040321522402106,
2024-06-28,2024-07-01,LT.NS,"GJR-GARCH(1,1) — Student's t",756,1.3911525117556227,22.083861491209422,0.13851272205258858,0.07382061936817437,0.004840315440295402,0.21475349914091063,6.611028405483047,
2024-06-28,2024-07-01,M&M.NS,"GJR-GARCH(1,1) — Student's t",756,2.280232562877629,36.19756975659396,0.031084022881309757,0.9650092099526562,-0.01857902483492273,0.9868037204165045,4.947495558282502,
2024-06-28,2024-07-01,POWERGRID.NS,"GJR-GARCH(1,1) — Student's t",756,1.631711814787546,25.902622039522395,0.20093020075947005,0.7745102216054921,-0.1907766671052469,0.8800520888123388,5.184289870451791,
2024-06-28,2024-07-01,SUNPHARMA.NS,"GJR-GARCH(1,1) — Student's t",756,1.2081589419556722,19.17892862792177,0.0175250013039459,0.8069832556073928,0.15816944337118827,0.9035929785969328,4.9584946379506905,
2024-06-28,2024-07-01,TCS.NS,"GJR-GARCH(1,1) — Student's t",756,1.2259985279552128,19.462123276204576,3.702011029618545e-11,0.7525592911852562,0.08536539857677254,0.7952419905106627,5.020770162674229,
2024-06-28,2024-07-01,TRENT.NS,"GJR-GARCH(1,1) — Student's t",756,1.6917509895719869,26.855714391929418,6.100485247483994e-21,0.9420281622552459,0.08644909481577139,0.9852527096631316,4.224786129182499,
2024-07-31,2024-08-01,BEL.NS,"GJR-GARCH(1,1) — Student's t",756,1.7779598412981232,28.224237486808207,0.27760825598000005,0.1003663567228111,-0.028976929842441913,0.3634861477815902,5.588305824619977,
2024-07-31,2024-08-01,BHARTIARTL.NS,"GJR-GARCH(1,1) — Student's t",756,1.5041473543962607,23.877599009569455,0.014185238324335152,0.9840610556302261,-0.006745200626181331,0.9948736936414706,6.018830296107582,
2024-07-31,2024-08-01,HDFCBANK.NS,"GJR-GARCH(1,1) — Student's t",756,1.2286546272649612,19.504287545591083,0.10893034197367626,0.22165653116769576,0.1300583793279343,0.3956160628053392,3.866569555796921,
2024-07-31,2024-08-01,HINDUNILVR.NS,"GJR-GARCH(1,1) — Student's t",756,1.397468384527828,22.1841228632149,0.02852113847267496,0.9727241837661251,-0.0076982423771079864,0.9973962010502461,3.9296702986801195,
2024-07-31,2024-08-01,LT.NS,"GJR-GARCH(1,1) — Student's t",756,1.4031741115355345,22.274698471482196,0.1287272929018917,0.10385474682249236,0.010219179499493051,0.23769162947413058,6.471731807301155,
2024-07-31,2024-08-01,M&M.NS,"GJR-GARCH(1,1) — Student's t",756,1.957153381164416,31.0688467450215,0.02955173708328603,0.9601825252031886,-0.018542798090094934,0.9804628632414272,5.0894711380238284,
2024-07-31,2024-08-01,POWERGRID.NS,"GJR-GARCH(1,1) — Student's t",756,1.588238910166182,25.212511073135836,0.2230770690162961,0.7346770523807726,-0.201776214854675,0.8568660139697313,5.0452112455468034,
2024-07-31,2024-08-01,SUNPHARMA.NS,"GJR-GARCH(1,1) — Student's t",756,1.254287308161837,19.911193740125142,0.0026194522484159466,0.9750629028776028,0.028741776579612938,0.9920532434158252,5.352502702117175,
2024-07-31,2024-08-01,TCS.NS,"GJR-GARCH(1,1) — Student's t",756,1.2396567440448103,19.678940734959713,7.958674668905244e-11,0.9421440369883766,0.025670463324035744,0.9549792687299812,4.662114272450609,
2024-07-31,2024-08-01,TRENT.NS,"GJR-GARCH(1,1) — Student's t",756,2.0766636491306225,32.96601343396513,0.0,0.9559442080514662,0.07055846870850623,0.9912234424057192,4.172891868328733,
2024-08-30,2024-09-02,BEL.NS,"GJR-GARCH(1,1) — Student's t",756,1.7649763972383299,28.018131701948214,0.2572321735130844,0.12990435941483222,0.047506491647324386,0.4108897787515788,5.414704095459203,
2024-08-30,2024-09-02,BHARTIARTL.NS,"GJR-GARCH(1,1) — Student's t",756,1.388948484414295,22.048873641841784,0.011467650197771491,0.9825179576349071,-0.001509324894238515,0.9932309453855593,6.0700389647672335,
2024-08-30,2024-09-02,HDFCBANK.NS,"GJR-GARCH(1,1) — Student's t",756,1.2209976374406013,19.382736600391432,0.11221920926057662,0.2916801178692457,0.10914104107299764,0.4584698476663211,3.775074896873952,
2024-08-30,2024-09-02,HINDUNILVR.NS,"GJR-GARCH(1,1) — Student's t",756,1.1345789557477517,18.01088255805545,0.011467317554860357,0.9829785411825722,0.01110828252505816,0.9999999999999616,4.019160412957992,
2024-08-30,2024-09-02,LT.NS,"GJR-GARCH(1,1) — Student's t",756,1.3583997692007,21.563927821875534,0.10158241872715772,0.3127412654721986,0.07170419639256867,0.45017578239564066,6.285195551750667,
2024-08-30,2024-09-02,M&M.NS,"GJR-GARCH(1,1) — Student's t",756,1.9096602418939073,30.31491653207237,0.026544558851041095,0.9736909516475344,-0.016839684967827173,0.9918156680146618,5.2601563409834275,
2024-08-30,2024-09-02,POWERGRID.NS,"GJR-GARCH(1,1) — Student's t",756,1.390829072296384,22.07872704896944,0.24068205724770048,0.726019745164802,-0.22122423978957617,0.8560896825177144,5.274192655557745,
2024-08-30,2024-09-02,SUNPHARMA.NS,"GJR-GARCH(1,1) — Student's t",756,1.0763057487990002,17.085824075947865,0.012493013193156438,0.9609321287035175,0.030030432258649577,0.9884403580259987,6.15380423107727,
2024-08-30,2024-09-02,TCS.NS,"GJR-GARCH(1,1) — Student's t",756,1.256348596620324,19.943915679974285,3.64147512294026e-11,0.6771235571171995,0.0959007011342898,0.7250739077207592,4.776617546787136,
2024-08-30,2024-09-02,TRENT.NS,"GJR-GARCH(1,1) — Student's t",756,2.006062244816634,31.845250885804713,1.5445893119064622e-12,0.9389809237740746,0.09920522065971961,0.988583534105479,3.959498698297211,
2024-09-30,2024-10-01,BEL.NS,"GJR-GARCH(1,1) — Student's t",756,2.3873412856950447,37.89786801951774,0.2589302710171769,0.13494980894034203,0.043955300430495364,0.4158577301727666,5.362295740901404,
2024-09-30,2024-10-01,BHARTIARTL.NS,"GJR-GARCH(1,1) — Student's t",756,1.535252750747159,24.37138186862889,0.019059117009502764,0.9888674149783335,-0.01905911700950277,0.998396973483085,6.480716977375217,
2024-09-30,2024-10-01,HDFCBANK.NS,"GJR-GARCH(1,1) — Student's t",756,1.4274403704443897,22.659913389418612,0.1205994438278004,0.2820764471704729,0.10866393257299309,0.4570078572847699,3.7921028574646445,
2024-09-30,2024-10-01,HINDUNILVR.NS,"GJR-GARCH(1,1) — Student's t",756,1.3678349977838795,21.713707432240383,0.12088382904394668,0.866940388694835,-0.07644350285536695,0.9496024663110982,4.154896700757182,
2024-09-30,2024-10-01,LT.NS,"GJR-GARCH(1,1) — Student's t",756,1.460937393364795,23.191662143269152,0.09401897549785422,0.2998427879408529,0.09455564282014746,0.44113958484878085,6.321341516174219,
2024-09-30,2024-10-01,M&M.NS,"GJR-GARCH(1,1) — Student's t",756,1.9990051976435594,31.73322373494227,0.026118697795797074,0.9755059104705337,-0.01680091287139658,0.9932241518306324,5.003289383672713,
2024-09-30,2024-10-01,POWERGRID.NS,"GJR-GARCH(1,1) — Student's t",756,1.875961354746232,29.779963282958093,0.23153491483224364,0.751764588605439,-0.2174910787142129,0.8745539640805763,5.299867010706663,
2024-09-30,2024-10-01,SUNPHARMA.NS,"GJR-GARCH(1,1) — Student's t",756,1.0553332716248878,16.752896322069784,0.012963884418135568,0.9611414929703124,0.028658540164293412,0.9884346474705946,6.279740872579392,
2024-09-30,2024-10-01,TCS.NS,"GJR-GARCH(1,1) — Student's t",756,1.3167232550264334,20.90233366977253,0.0,0.846525263683604,0.05845677660094517,0.8757536519840766,4.673717813287266,
2024-09-30,2024-10-01,TRENT.NS,"GJR-GARCH(1,1) — Student's t",756,2.016012759592514,32.003210410889025,0.0,0.9034508630734989,0.13859526424221805,0.9727484951946079,3.9111962030662086,
2024-10-31,2024-11-01,BEL.NS,"GJR-GARCH(1,1) — Student's t",756,1.939014901902545,30.780907313294623,0.2405256940494392,0.1488458859645773,0.09841941891949238,0.4385812894737627,5.152594289650803,
2024-10-31,2024-11-01,BHARTIARTL.NS,"GJR-GARCH(1,1) — Student's t",756,1.3491047994731669,21.416374751817976,0.01850846085075187,0.9828059401807477,-0.010872407625418164,0.9958781972187906,6.692463050544891,
2024-10-31,2024-11-01,HDFCBANK.NS,"GJR-GARCH(1,1) — Student's t",756,1.2591493533580718,19.9883763148395,0.0958708908311227,0.3024422359959569,0.15079206829804456,0.4737091609761019,3.815078300098415,
2024-10-31,2024-11-01,HINDUNILVR.NS,"GJR-GARCH(1,1) — Student's t",756,1.4627533243848405,23.22048915453168,0.11795517620534524,0.8771525380772015,-0.07597535335615772,0.9571200376044678,3.9604594390078676,
2024-10-31,2024-11-01,LT.NS,"GJR-GARCH(1,1) — Student's t",756,1.9545763866962307,31.027938226064656,0.04764398070650279,0.5939218324977752,0.07608444529236341,0.6796080358504597,5.618760439332055,
2024-10-31,2024-11-01,M&M.NS,"GJR-GARCH(1,1) — Student's t",756,2.016153826614948,32.00544978044634,0.022418002977814794,0.9796296860687932,-0.010565755346567278,0.9967648113733243,5.341966315529671,
2024-10-31,2024-11-01,POWERGRID.NS,"GJR-GARCH(1,1) — Student's t",756,1.2826087595116882,20.360782842365865,0.21376547396083415,0.7838316497173351,-0.20420748273962022,0.8954933823083591,5.705259993777085,
2024-10-31,2024-11-01,SUNPHARMA.NS,"GJR-GARCH(1,1) — Student's t",756,1.2052846888366637,19.133301274174084,0.010395214887593656,0.960924671675463,0.03226151970976425,0.9874506464179388,6.436835825213084,
2024-10-31,2024-11-01,TCS.NS,"GJR-GARCH(1,1) — Student's t",756,1.5362556562494407,24.387302499914107,0.0,0.7041690609630633,0.1027108460271205,0.7555244839766235,4.622711964968875,
2024-10-31,2024-11-01,TRENT.NS,"GJR-GARCH(1,1) — Student's t",756,2.344618566650021,37.21966587996405,0.0,0.909765924403775,0.13420119269517752,0.9768665207513638,4.031792371348417,
2024-11-29,2024-12-02,BEL.NS,"GJR-GARCH(1,1) — Student's t",756,1.7368866143626973,27.572220222723868,0.19305718768135072,0.19566522473523748,0.1647359889085078,0.47109040687084214,5.094775609373635,
2024-11-29,2024-12-02,BHARTIARTL.NS,"GJR-GARCH(1,1) — Student's t",756,1.3696722788671722,21.74287336524988,0.015144289070470116,0.9841548079931016,-0.00878641017229041,0.9949058919774266,6.588446547603243,
2024-11-29,2024-12-02,HDFCBANK.NS,"GJR-GARCH(1,1) — Student's t",756,1.2669328607287706,20.111935663823743,0.08643769505455724,0.2555043523127812,0.19577463125616335,0.4398293629954201,3.816226555402345,
2024-11-29,2024-12-02,HINDUNILVR.NS,"GJR-GARCH(1,1) — Student's t",756,1.36939300340565,21.738440004739058,0.08747283550606627,0.9047786500299481,-0.049533784808014035,0.9674845931320073,4.1757156651479725,
2024-11-29,2024-12-02,LT.NS,"GJR-GARCH(1,1) — Student's t",756,1.478885615769649,23.47658134102268,0.045894790938308866,0.5559802542228399,0.09588986269435056,0.649819976508324,5.553812627307685,
2024-11-29,2024-12-02,M&M.NS,"GJR-GARCH(1,1) — Student's t",756,2.0664041892192637,32.80314955689738,0.023061758815616097,0.9798266719904616,-0.010399467504413116,0.9976886970538712,5.551604608417706,
2024-11-29,2024-12-02,POWERGRID.NS,"GJR-GARCH(1,1) — Student's t",756,1.7337710383222737,27.522761986361836,0.21584026718396576,0.7748757988684054,-0.20493211486135404,0.8882500086216941,5.457030897790946,
2024-11-29,2024-12-02,SUNPHARMA.NS,"GJR-GARCH(1,1) — Student's t",756,1.3069793569048984,20.747654082392945,0.010341506732097605,0.9619029892882679,0.029239118316822903,0.986864055178777,6.561172927424105,
2024-11-29,2024-12-02,TCS.NS,"GJR-GARCH(1,1) — Student's t",756,1.3886248047263334,22.043735386089047,0.0,0.9140195926736667,0.055621944120571525,0.9418305647339524,4.549435995385377,
2024-11-29,2024-12-02,TRENT.NS,"GJR-GARCH(1,1) — Student's t",756,2.4273359889805755,38.53276425143773,0.0,0.9119064292502529,0.12982083444924697,0.9768168464748763,3.9009947097121462,
2024-12-31,2025-01-01,BEL.NS,"GJR-GARCH(1,1) — Student's t",756,2.1879362509234133,34.732411226438195,0.2205450278757317,0.16085072606450002,0.14006681096238768,0.4514291594214256,5.2440366961595135,
2024-12-31,2025-01-01,BHARTIARTL.NS,"GJR-GARCH(1,1) — Student's t",756,1.4095440774320165,22.37581854521452,0.018499678646703453,0.9679445176557607,0.004676158729512556,0.9887822756672204,6.136354252845852,
2024-12-31,2025-01-01,HDFCBANK.NS,"GJR-GARCH(1,1) — Student's t",756,1.2777164660605858,20.28312009149166,0.07566555104800643,0.2595322330278154,0.2419681252630161,0.45618184670732986,3.784775215986322,
2024-12-31,2025-01-01,HINDUNILVR.NS,"GJR-GARCH(1,1) — Student's t",756,1.1327018518419698,17.98108445733709,0.07846213091764564,0.9250563894533279,-0.04699732211648014,0.9800198593127335,3.846265469074141,
2024-12-31,2025-01-01,LT.NS,"GJR-GARCH(1,1) — Student's t",756,1.3961768228457963,22.163619957133562,0.048673008909870585,0.5446488953075043,0.10928419487749956,0.6479640016561247,5.74357451212316,
2024-12-31,2025-01-01,M&M.NS,"GJR-GARCH(1,1) — Student's t",756,1.7964823033165496,28.51827245582458,0.027056517786154925,0.9712490302278922,-0.010607401560669957,0.9930018472337122,5.370141979625758,
2024-12-31,2025-01-01,POWERGRID.NS,"GJR-GARCH(1,1) — Student's t",756,1.2476187819825149,19.80533416883428,0.24471347694686107,0.7300326524929844,-0.22347390770474176,0.8630091755874746,5.261494961294583,
2024-12-31,2025-01-01,SUNPHARMA.NS,"GJR-GARCH(1,1) — Student's t",756,1.0353217908059835,16.435223912392026,0.037933298622585786,0.7885769166411708,0.11585068649179538,0.8844355585096543,5.779660134080548,
2024-12-31,2025-01-01,TCS.NS,"GJR-GARCH(1,1) — Student's t",756,1.394313496631608,22.134040570488782,2.670835199092837e-11,0.8986568724475632,0.06382538169067023,0.9305695633196066,4.53651704412259,
2024-12-31,2025-01-01,TRENT.NS,"GJR-GARCH(1,1) — Student's t",756,2.158952332488725,34.27230578524801,0.0017527526374257441,0.8790526986343828,0.1721489236865704,0.9668799131150937,3.7397157498992515,
2025-01-31,2025-02-01,BEL.NS,"GJR-GARCH(1,1) — Student's t",756,2.946562580137713,46.775230857199304,0.2328648905918815,0.15789748806937146,0.16047462207102356,0.47099968969676476,5.4614085880604675,
2025-01-31,2025-02-01,BHARTIARTL.NS,"GJR-GARCH(1,1) — Student's t",756,1.2968930183243044,20.587538421252255,0.014091321058063013,0.9873398182287227,-0.014091321058063013,0.9943854787577543,6.4138144598570515,
2025-01-31,2025-02-01,HDFCBANK.NS,"GJR-GARCH(1,1) — Student's t",756,1.2176335538548408,19.32933342904609,0.056998818223211165,0.29000797762578456,0.26623704617967026,0.48012531893883087,3.850123508892312,
2025-01-31,2025-02-01,HINDUNILVR.NS,"GJR-GARCH(1,1) — Student's t",756,1.2206058716976327,19.376517512022897,0.015614816921930256,0.9837761183096434,-0.004364423368908635,0.9972087235471193,4.566123977410251,
2025-01-31,2025-02-01,LT.NS,"GJR-GARCH(1,1) — Student's t",756,1.633791291288278,25.93563270559123,0.039729804080775206,0.6633864029361785,0.06518996633185413,0.7357111901828807,5.685654833998563,
2025-01-31,2025-02-01,M&M.NS,"GJR-GARCH(1,1) — Student's t",756,1.8288329093377498,29.03182240559053,0.02237342604644496,0.9801986866448358,-0.012259254422840071,0.9964424854798607,5.609402614559903,
2025-01-31,2025-02-01,POWERGRID.NS,"GJR-GARCH(1,1) — Student's t",756,1.9940883448036153,31.65517111585671,0.2580765938921375,0.714243093544675,-0.22787238593565728,0.8583834944689839,5.3625903038850655,
2025-01-31,2025-02-01,SUNPHARMA.NS,"GJR-GARCH(1,1) — Student's t",756,1.4467233478079011,22.96602116526305,0.005648467836637419,0.9668224929553236,0.025361945771778784,0.9851519336778505,5.945047995885675,
2025-01-31,2025-02-01,TCS.NS,"GJR-GARCH(1,1) — Student's t",756,1.344283777747264,21.33984340450611,0.0,0.9609730792357208,0.03551667677543438,0.9787314176234381,4.4960378407477055,
2025-01-31,2025-02-01,TRENT.NS,"GJR-GARCH(1,1) — Student's t",756,3.1844340173641146,50.55132285863873,1.6148930964421977e-11,0.9078215842728555,0.142150192418374,0.9788966804981916,4.018687378445676,
2025-02-28,2025-03-03,BEL.NS,"GJR-GARCH(1,1) — Student's t",756,2.3638551131736154,37.52503658907498,0.2371502901956494,0.18850309018552364,0.14912531175279953,0.5002160362575728,5.660544105311463,
2025-02-28,2025-03-03,BHARTIARTL.NS,"GJR-GARCH(1,1) — Student's t",756,1.3196301983001777,20.948479963638725,0.015238622465699049,0.9859790407272814,-0.015238622465699047,0.9935983519601308,5.766798082321626,
2025-02-28,2025-03-03,HDFCBANK.NS,"GJR-GARCH(1,1) — Student's t",756,1.2711786992115706,20.179336260218363,0.05798208713014372,0.23734815477447796,0.30302264508569454,0.4468415644474689,3.8932561324822332,
2025-02-28,2025-03-03,HINDUNILVR.NS,"GJR-GARCH(1,1) — Student's t",756,1.1634378943802284,18.469004006392296,0.015575903239087223,0.9835779644920749,-0.007472861141427045,0.9954174371604486,4.467259436503292,
2025-02-28,2025-03-03,LT.NS,"GJR-GARCH(1,1) — Student's t",756,1.5489626943757513,24.58902047660871,0.1431011231439543,0.07213452921024363,0.09591107560690867,0.26319119015765224,6.407761373688705,
2025-02-28,2025-03-03,M&M.NS,"GJR-GARCH(1,1) — Student's t",756,2.2215728023359516,35.266374926434686,0.023176306991213785,0.9772722403506707,-0.005084146386647345,0.9979064741485608,5.453798936124356,
2025-02-28,2025-03-03,POWERGRID.NS,"GJR-GARCH(1,1) — Student's t",756,1.4034604974437963,22.27924470683572,0.27329937390866144,0.6899499180705465,-0.22508911831575726,0.8507047328213293,5.6941712585096775,
2025-02-28,2025-03-03,SUNPHARMA.NS,"GJR-GARCH(1,1) — Student's t",756,1.974342195417596,31.34171071209748,0.05257581670318739,0.7452707547886049,0.1333465681185649,0.8645198555510747,6.505981174119192,
2025-02-28,2025-03-03,TCS.NS,"GJR-GARCH(1,1) — Student's t",756,1.635720353068459,25.966255611995464,1.2587434916182816e-11,0.9539303859697997,0.041121665543897075,0.9744912187543358,4.212584844268936,
2025-02-28,2025-03-03,TRENT.NS,"GJR-GARCH(1,1) — Student's t",756,3.2479303798681447,51.559296364695946,0.0,0.8976980721054707,0.15713594509756537,0.9762660446542534,3.83594788313142,
2025-03-28,2025-04-01,BEL.NS,"GJR-GARCH(1,1) — Student's t",756,1.62735888339334,25.833521395863226,0.2264453901809865,0.2381779541668116,0.14801032285137114,0.5386285057734836,5.97728349196313,
2025-03-28,2025-04-01,BHARTIARTL.NS,"GJR-GARCH(1,1) — Student's t",756,1.4314253691984415,22.723173283487355,0.013330334731786825,0.9687458631937376,0.0061193014799196255,0.9851358486654842,5.589989907916385,
2025-03-28,2025-04-01,HDFCBANK.NS,"GJR-GARCH(1,1) — Student's t",756,1.1672303466979135,18.529207320542287,0.06810298253140458,0.1479611211819709,0.2741953942692471,0.35316180084799903,4.160229742270492,
2025-03-28,2025-04-01,HINDUNILVR.NS,"GJR-GARCH(1,1) — Student's t",756,1.1199359492128627,17.77843203562979,0.016546679721091254,0.9811862364588138,-0.011717403925636269,0.9918742142170869,4.5615522099658286,
2025-03-28,2025-04-01,LT.NS,"GJR-GARCH(1,1) — Student's t",756,1.3879981262746497,22.0337871740781,0.1366208209034996,0.11539492378575672,1.3733295114536496e-05,0.25202261133681364,6.130108540385177,
2025-03-28,2025-04-01,M&M.NS,"GJR-GARCH(1,1) — Student's t",756,2.0334000648575166,32.27922532509359,0.021182012139893968,0.9825682194106399,-0.008540949921744303,0.9994797565896616,5.673064742780407,
2025-03-28,2025-04-01,POWERGRID.NS,"GJR-GARCH(1,1) — Student's t",756,1.733756963688199,27.5225385584725,0.237661113285748,0.736392636215807,-0.20905232703684917,0.8695275859831304,5.723348639229509,
2025-03-28,2025-04-01,SUNPHARMA.NS,"GJR-GARCH(1,1) — Student's t",756,1.1978538471590716,19.015340319509267,0.052651007969411114,0.7362748428520371,0.11076873033103574,0.8443102159869662,6.665171550517637,
2025-03-28,2025-04-01,TCS.NS,"GJR-GARCH(1,1) — Student's t",756,1.3622259847718574,21.62466711105837,0.0,0.9463233752107123,0.04023375893824996,0.9664402546798373,4.315404048015119,
2025-03-28,2025-04-01,TRENT.NS,"GJR-GARCH(1,1) — Student's t",756,2.2027557909507314,34.967664131178104,1.371854149218747e-14,0.8943726429013688,0.15157436963210735,0.9701598277174361,3.847353954809557,
2025-04-30,2025-05-02,BEL.NS,"GJR-GARCH(1,1) — Student's t",756,2.0109894877480095,31.923468442478434,0.1885824672210525,0.29222590775641244,0.192653063585558,0.577134906770244,6.129768000604393,
2025-04-30,2025-05-02,BHARTIARTL.NS,"GJR-GARCH(1,1) — Student's t",756,1.5162386870572593,24.069542965011586,0.01554056645549058,0.9690182709155511,0.005904567191570547,0.987511120966827,5.706466539222349,
2025-04-30,2025-05-02,HDFCBANK.NS,"GJR-GARCH(1,1) — Student's t",756,1.1870283626006517,18.843491079729173,2.846122753220231e-16,0.20503449985966452,0.25151519990141435,0.33079209981037194,4.299990483415479,
2025-04-30,2025-05-02,HINDUNILVR.NS,"GJR-GARCH(1,1) — Student's t",756,1.1766240800180519,18.678328214027573,0.017950495080735557,0.98114631737624,-0.013012135639071058,0.99259074463744,4.387386387257094,
2025-04-30,2025-05-02,LT.NS,"GJR-GARCH(1,1) — Student's t",756,1.3616361264461139,21.6153034004263,0.0882778748599092,0.4376695712785089,0.11286422547785806,0.5823795588773472,5.469563430384476,
2025-04-30,2025-05-02,M&M.NS,"GJR-GARCH(1,1) — Student's t",756,2.016551335120133,32.011760032338856,0.02159867643529523,0.9832467147708036,-0.010187607732271342,0.9997515873399632,5.829042589202793,
2025-04-30,2025-05-02,POWERGRID.NS,"GJR-GARCH(1,1) — Student's t",756,1.6345659088105642,25.947929377542206,0.2270501988301508,0.7559977611557166,-0.20178071222019242,0.8821576038757711,5.715655781780595,
2025-04-30,2025-05-02,SUNPHARMA.NS,"GJR-GARCH(1,1) — Student's t",756,1.4925663322077551,23.693755981737215,0.07590719016183778,0.7207184025155727,0.11661381606576049,0.8549325007102908,6.8995005268644585,
2025-04-30,2025-05-02,TCS.NS,"GJR-GARCH(1,1) — Student's t",756,1.401582916025556,22.24943902584208,0.0,0.973484332886114,0.018330969016022568,0.9826498173941253,4.2930030668874695,
2025-04-30,2025-05-02,TRENT.NS,"GJR-GARCH(1,1) — Student's t",756,4.156131010955661,65.97653442715286,1.1760634605448632e-17,0.9398131315513523,0.09588872453976958,0.987757493821237,3.660013499025183,
2025-05-30,2025-06-02,BEL.NS,"GJR-GARCH(1,1) — Student's t",756,1.7281495395120376,27.433523459277854,0.21913292395323827,0.22506781617965557,0.177876640351988,0.5331390603088878,6.207557853660378,
2025-05-30,2025-06-02,BHARTIARTL.NS,"GJR-GARCH(1,1) — Student's t",756,1.3759932459797022,21.843215607400914,0.01972290744813296,0.9791935290838637,-0.01562866916717504,0.9911021019484092,5.783537625388862,
2025-05-30,2025-06-02,HDFCBANK.NS,"GJR-GARCH(1,1) — Student's t",756,1.1574108199951552,18.373327166655148,0.023363058255063192,3.9887233634686536e-14,0.2787873734812615,0.1627567449957338,4.473836871220887,
2025-05-30,2025-06-02,HINDUNILVR.NS,"GJR-GARCH(1,1) — Student's t",756,1.1499184920518477,18.25439014778156,0.11089636865806768,0.8586914147250378,-0.10342221251471782,0.9178766771257466,4.205994828997851,
2025-05-30,2025-06-02,LT.NS,"GJR-GARCH(1,1) — Student's t",756,1.3262481592473774,21.053536836754493,0.10103931638644872,0.4255756058891993,0.10855844339362687,0.5808941439724614,5.087555352906162,
2025-05-30,2025-06-02,M&M.NS,"GJR-GARCH(1,1) — Student's t",756,1.9436775472470198,30.854924513493664,0.022035725759222427,0.979202323137266,-0.006381192688334059,0.9980474525523214,6.088165661276915,
2025-05-30,2025-06-02,POWERGRID.NS,"GJR-GARCH(1,1) — Student's t",756,1.4233388362738617,22.59480355296431,0.21277974339281983,0.7621914536882105,-0.18458847246221405,0.8826769608499233,5.7289962267657915,
2025-05-30,2025-06-02,SUNPHARMA.NS,"GJR-GARCH(1,1) — Student's t",756,1.3456895945601979,21.362160054561727,0.04621010166114099,0.8327023764288043,0.06930289287639799,0.9135639245281443,7.009016834242652,
2025-05-30,2025-06-02,TCS.NS,"GJR-GARCH(1,1) — Student's t",756,1.3266273184209991,21.059555802038766,0.0,0.9772420201803055,0.0082228212539915,0.9813534308073012,4.1375841872470085,
2025-05-30,2025-06-02,TRENT.NS,"GJR-GARCH(1,1) — Student's t",756,2.184977531641799,34.685443013927774,6.771401246784764e-06,0.9053636584680563,0.12733951662436066,0.9690401881814835,3.7217246269307522,
2025-06-30,2025-07-01,BEL.NS,"GJR-GARCH(1,1) — Student's t",756,1.7830004471668182,28.304254624322162,0.2376829590676787,0.2221765184713176,0.17314291671095272,0.5464309358944727,6.264887166257532,
2025-06-30,2025-07-01,BHARTIARTL.NS,"GJR-GARCH(1,1) — Student's t",756,1.3448220023552062,21.34838745527877,0.05985609473636102,0.8615514884866947,-0.023383730308720718,0.9097157180686953,5.403657148769604,
2025-06-30,2025-07-01,HDFCBANK.NS,"GJR-GARCH(1,1) — Student's t",756,1.2167542965062188,19.315375651348813,0.0,1.349194065017072e-15,0.2907851559154561,0.14539257795772942,4.430318535842656,
2025-06-30,2025-07-01,HINDUNILVR.NS,"GJR-GARCH(1,1) — Student's t",756,1.0765533020297262,17.089753861656373,0.12001593973198946,0.8379207280101907,-0.10970285231125916,0.9030852415865506,3.984091405580948,
2025-06-30,2025-07-01,LT.NS,"GJR-GARCH(1,1) — Student's t",756,1.323426439908763,21.00874343091692,0.13907266391326983,0.2388992050998738,0.07328967758087795,0.4146167078035826,5.10534666156649,
2025-06-30,2025-07-01,M&M.NS,"GJR-GARCH(1,1) — Student's t",756,1.7723156035170105,28.13463798975217,0.022724980600167158,0.9810836317176599,-0.011143161940755427,0.9982370313474495,5.956065809687028,
2025-06-30,2025-07-01,POWERGRID.NS,"GJR-GARCH(1,1) — Student's t",756,1.5870437176487548,25.19353798011609,0.20575980463221857,0.7675705401806454,-0.17482384624911904,0.8859184216883045,5.938467206981054,
2025-06-30,2025-07-01,SUNPHARMA.NS,"GJR-GARCH(1,1) — Student's t",756,1.0409558148491491,16.524661271384673,0.08351493118859937,0.7141033573646336,0.07119847205663268,0.8332175245815494,6.569353836001774,
2025-06-30,2025-07-01,TCS.NS,"GJR-GARCH(1,1) — Student's t",756,1.2692193239569796,20.148232142326155,0.0,0.9744165144320515,0.0030379633912022115,0.9759354961276525,4.27943072647856,
2025-06-30,2025-07-01,TRENT.NS,"GJR-GARCH(1,1) — Student's t",756,1.8917013237095657,30.02982754408323,0.0,0.9170781076595909,0.11027216892422637,0.972214192121704,3.735287159958809,
2025-07-31,2025-08-01,BEL.NS,"GJR-GARCH(1,1) — Student's t",756,1.7228221530466141,27.348953820925203,0.2716970035027384,0.17378992416931172,0.16634973210015414,0.5286617937221272,6.419287366974207,
2025-07-31,2025-08-01,BHARTIARTL.NS,"GJR-GARCH(1,1) — Student's t",756,1.3060033770506605,20.73216088251941,0.07732357483846368,0.6003959047027828,0.01400857191239873,0.6847237654974458,5.028163379726028,
2025-07-31,2025-08-01,HDFCBANK.NS,"GJR-GARCH(1,1) — Student's t",756,1.1619762560513294,18.445801217242376,0.0049967560883943055,1.2382363728362666e-13,0.3109813407299069,0.16048742645347158,4.338476146487925,
2025-07-31,2025-08-01,HINDUNILVR.NS,"GJR-GARCH(1,1) — Student's t",756,1.915732332506307,30.41130798226433,0.21306388733258985,0.2112961868150411,-0.16804614909950322,0.34033699959787933,4.142598512859824,
2025-07-31,2025-08-01,LT.NS,"GJR-GARCH(1,1) — Student's t",756,1.6436629299604097,26.092340111346125,0.12692965376091464,0.3064391914129807,0.07264294599103761,0.46969031816941414,5.019048230336241,
2025-07-31,2025-08-01,M&M.NS,"GJR-GARCH(1,1) — Student's t",756,1.4222703531108452,22.577841908587903,0.0306823879152618,0.971080174575865,-0.011094499203532164,0.9962153128893607,5.441014310757624,
2025-07-31,2025-08-01,POWERGRID.NS,"GJR-GARCH(1,1) — Student's t",756,1.2325270397435344,19.56576018794409,0.2197509453616457,0.7817076143008135,-0.18654476791573665,0.9081861757045909,5.639994877641087,
2025-07-31,2025-08-01,SUNPHARMA.NS,"GJR-GARCH(1,1) — Student's t",756,1.2114398234001977,19.231011006221575,0.10177133149175324,0.6865876615024151,0.05769474601771234,0.8172063660030245,5.968897900235837,
2025-07-31,2025-08-01,TCS.NS,"GJR-GARCH(1,1) — Student's t",756,1.2748651009007075,20.23785607283123,0.0,0.9537780585786996,0.003421125602867286,0.9554886213801332,4.137331078369453,
2025-07-31,2025-08-01,TRENT.NS,"GJR-GARCH(1,1) — Student's t",756,2.834727134771421,44.99989819999115,0.0006146872953653311,0.9366932287873021,0.07474719242549278,0.9746815122954138,3.319559645519731,
2025-08-29,2025-09-01,BEL.NS,"GJR-GARCH(1,1) — Student's t",756,1.7208287680915892,27.31730981577592,0.2777568943457413,0.18027811761200743,0.19403230418134357,0.5550511640484206,6.477485768522883,
2025-08-29,2025-09-01,BHARTIARTL.NS,"GJR-GARCH(1,1) — Student's t",756,1.2610920994705148,20.01921645328387,0.07845846357514295,0.5170885961374349,0.017277108666242887,0.6041856140456993,4.8181548361825675,
2025-08-29,2025-09-01,HDFCBANK.NS,"GJR-GARCH(1,1) — Student's t",756,1.1933531146932177,18.94389340657556,0.01990661276401565,1.2579730472866712e-13,0.2974080506917794,0.16861063811003113,4.360242993857261,
2025-08-29,2025-09-01,HINDUNILVR.NS,"GJR-GARCH(1,1) — Student's t",756,1.1209411186579261,17.7943886058925,0.25377322995890955,0.09320273227905138,-0.21078256677087623,0.24158467885252277,4.043661445561691,
2025-08-29,2025-09-01,LT.NS,"GJR-GARCH(1,1) — Student's t",756,1.3551030912293478,21.51159468148636,0.13167743259216302,0.33373901106457377,0.06778775765396362,0.4993103224837186,5.011636307745827,
2025-08-29,2025-09-01,M&M.NS,"GJR-GARCH(1,1) — Student's t",756,1.6174009450012614,25.675444024525174,0.023258732622878576,0.9865458801205275,-0.021492683372505778,0.9990582710571531,5.885416083240717,
2025-08-29,2025-09-01,POWERGRID.NS,"GJR-GARCH(1,1) — Student's t",756,1.1919671284533468,18.921891557108026,0.22583679457815414,0.7894210545092853,-0.18753443094875813,0.9214906336130605,5.452511798003918,
2025-08-29,2025-09-01,SUNPHARMA.NS,"GJR-GARCH(1,1) — Student's t",756,1.3971307565353857,22.17876318499296,0.0994712903959424,0.6780424425626567,0.05421077046832499,0.8046191181927616,5.777868119700056,
2025-08-29,2025-09-01,TCS.NS,"GJR-GARCH(1,1) — Student's t",756,1.3101240910584093,20.79757518945055,0.0,0.44725724089996377,0.06658949508579816,0.48055198844286284,3.9934172676276924,
2025-08-29,2025-09-01,TRENT.NS,"GJR-GARCH(1,1) — Student's t",756,2.122972271043615,33.701140016804494,0.0016478091841939401,0.9362804036152248,0.06948426310194299,0.9726703443503902,3.4655327280765804,
2025-09-30,2025-10-01,BEL.NS,"GJR-GARCH(1,1) — Student's t",756,1.6339402867975734,25.9379979359756,0.26539443029694054,0.20745219026614622,0.19079878828499086,0.5682460147055822,6.224547220062085,
2025-09-30,2025-10-01,BHARTIARTL.NS,"GJR-GARCH(1,1) — Student's t",756,1.2117435102665524,19.23583188577044,0.08454851254256367,0.7451134393544557,-0.026193494654712438,0.8165652045696632,4.705987773869909,
2025-09-30,2025-10-01,HDFCBANK.NS,"GJR-GARCH(1,1) — Student's t",756,1.1059092597122844,17.555765242813482,0.04970915699221652,6.960716880800671e-14,0.26635451486522527,0.18288641442489875,4.216445547706122,
2025-09-30,2025-10-01,HINDUNILVR.NS,"GJR-GARCH(1,1) — Student's t",756,1.142429606266772,18.135507771475897,0.2378372628978222,0.13130812734429598,-0.19324447771484224,0.27252315138469707,4.149364091535604,
2025-09-30,2025-10-01,LT.NS,"GJR-GARCH(1,1) — Student's t",756,1.3931840112932052,22.11611054659934,0.10838314633630876,0.39339123098609297,0.11333205363097362,0.5584404041378885,4.772905307088154,
2025-09-30,2025-10-01,M&M.NS,"GJR-GARCH(1,1) — Student's t",756,1.8955029357983881,30.090176265092197,0.01897976305653146,0.990242792655892,-0.018979763056531464,0.9997326741841578,5.62265166759957,
2025-09-30,2025-10-01,POWERGRID.NS,"GJR-GARCH(1,1) — Student's t",756,1.2772214616576592,20.27526214020351,0.21473814839508482,0.8041624477027994,-0.18316884910606301,0.9273161715448528,5.424505719226428,
2025-09-30,2025-10-01,SUNPHARMA.NS,"GJR-GARCH(1,1) — Student's t",756,1.1905146591928781,18.89883432240703,0.09203804829390703,0.7151651445684327,0.03878044213851459,0.826593413931597,5.670861572873291,
2025-09-30,2025-10-01,TCS.NS,"GJR-GARCH(1,1) — Student's t",756,1.2969491736793113,20.588429859877053,0.0,0.5071250475684846,0.046812482690840526,0.5305312889139049,4.057077486633414,
2025-09-30,2025-10-01,TRENT.NS,"GJR-GARCH(1,1) — Student's t",756,2.208343264187912,35.056362519034955,0.001418551178479812,0.9320070891697895,0.07406979018521094,0.9704605354408747,3.4617482665944395,
2025-10-31,2025-11-03,BEL.NS,"GJR-GARCH(1,1) — Student's t",756,2.39036575802278,37.94588002927605,0.2372545126850501,0.2738886310604115,0.20258896370645824,0.6124376255986907,5.9938640848068685,
2025-10-31,2025-11-03,BHARTIARTL.NS,"GJR-GARCH(1,1) — Student's t",756,1.2836891265000672,20.377933136621472,0.08920244459216727,0.7834971079986655,-0.043469365860380936,0.8509648696606423,5.175368580182665,
2025-10-31,2025-11-03,HDFCBANK.NS,"GJR-GARCH(1,1) — Student's t",756,1.263206526279608,20.05278193829772,0.06380882375009433,1.146445702099391e-13,0.24742327774841222,0.18752046262441507,4.151844552704513,
2025-10-31,2025-11-03,HINDUNILVR.NS,"GJR-GARCH(1,1) — Student's t",756,1.0855747122247734,17.23296430876356,0.24544461648377405,0.16459075970735304,-0.21293497081728088,0.30356789078248664,4.1354866089039,
2025-10-31,2025-11-03,LT.NS,"GJR-GARCH(1,1) — Student's t",756,1.2809654595319016,20.33469626390991,0.10144634365619094,0.4100044334024053,0.13859839164687407,0.5807499728820332,4.5920851462926855,
2025-10-31,2025-11-03,M&M.NS,"GJR-GARCH(1,1) — Student's t",756,1.7529364920820467,27.827004132834237,0.016755279887395145,0.9893563711747706,-0.016755279887395155,0.9977340111184682,5.899427006001362,
2025-10-31,2025-11-03,POWERGRID.NS,"GJR-GARCH(1,1) — Student's t",756,1.452774078942294,23.062073544253366,0.2249198262855044,0.7794789966437302,-0.1842487099656104,0.9122744679464294,5.800596290683503,
2025-10-31,2025-11-03,SUNPHARMA.NS,"GJR-GARCH(1,1) — Student's t",756,1.0880811225782057,17.272752339635517,0.09246666542216384,0.6993050267851474,0.05223906201549881,0.8178912232150607,5.928823753921709,
2025-10-31,2025-11-03,TCS.NS,"GJR-GARCH(1,1) — Student's t",756,1.2549705709850227,19.92204020118661,0.0,9.582334866973538e-14,0.05968639855733519,0.029843199278763416,4.158500685796407,
2025-10-31,2025-11-03,TRENT.NS,"GJR-GARCH(1,1) — Student's t",756,1.8827089373427885,29.88707783596623,0.0031658787622206234,0.9250088868567838,0.08237853909379347,0.9693640351659012,3.313868527602624,
2025-11-28,2025-12-01,BEL.NS,"GJR-GARCH(1,1) — Student's t",756,1.5420477555312602,24.479249225526246,0.2358904406522134,0.2560677046641151,0.2533237617335862,0.6186200261831216,5.935489564376795,
2025-11-28,2025-12-01,BHARTIARTL.NS,"GJR-GARCH(1,1) — Student's t",756,1.1789027132023704,18.714500394436648,0.09229055078484596,0.7814527988612591,-0.045055848087574644,0.8512154256023177,5.033917277418308,
2025-11-28,2025-12-01,HDFCBANK.NS,"GJR-GARCH(1,1) — Student's t",756,1.0795280106184315,17.136975896547987,0.08434022462306909,0.0,0.21119692444476215,0.18993868684545018,4.134433745516387,
2025-11-28,2025-12-01,HINDUNILVR.NS,"GJR-GARCH(1,1) — Student's t",756,1.139864847496098,18.094793488195446,0.21970531285833028,0.16755205710064303,-0.19269713976397806,0.2909088000769843,4.003972851355223,
2025-11-28,2025-12-01,LT.NS,"GJR-GARCH(1,1) — Student's t",756,1.2545474255995772,19.91532297643673,0.102908761462828,0.4272957094990724,0.12740859520054323,0.593908768562172,4.4469555673638475,
2025-11-28,2025-12-01,M&M.NS,"GJR-GARCH(1,1) — Student's t",756,1.5627334424777886,24.807624325680543,0.02310350461207254,0.9833866714803062,-0.015924007497697703,0.99852817234353,5.680070356100219,
2025-11-28,2025-12-01,POWERGRID.NS,"GJR-GARCH(1,1) — Student's t",756,1.1445776160738925,18.16960637005611,0.2449494175886103,0.7685081343419765,-0.2014589240002465,0.9127280899304636,5.710298182120462,
2025-11-28,2025-12-01,SUNPHARMA.NS,"GJR-GARCH(1,1) — Student's t",756,0.9937354408786606,15.775061073336392,0.0450373767925469,0.8758352556333129,0.026368331403388557,0.934056798127554,5.845461137573665,
2025-11-28,2025-12-01,TCS.NS,"GJR-GARCH(1,1) — Student's t",756,1.2610019225874158,20.01778493964375,0.0,0.43414273662175334,0.050085017125018456,0.45918524518426257,4.108175662285935,
2025-11-28,2025-12-01,TRENT.NS,"GJR-GARCH(1,1) — Student's t",756,2.240433478013253,35.56577887083939,0.004170151829953659,0.9397848069156631,0.06297906219227657,0.975444489841755,3.204668258751067,
2025-12-31,2026-01-01,BEL.NS,"GJR-GARCH(1,1) — Student's t",756,1.6760615959934861,26.606652990148657,0.21820923318697608,0.2626193076009962,0.260373534729483,0.6110153081527139,5.573745791229803,
2025-12-31,2026-01-01,BHARTIARTL.NS,"GJR-GARCH(1,1) — Student's t",756,1.1989653067554151,19.032984193614592,0.09299451922096838,0.7681277309345262,-0.04481363510580587,0.8387154326025916,5.1139468460988695,
2025-12-31,2026-01-01,HDFCBANK.NS,"GJR-GARCH(1,1) — Student's t",756,1.0371680539996044,16.464532431982583,0.1075578536504017,3.3363332585724794e-14,0.21429547152499867,0.21470558941293438,4.362314791454624,
2025-12-31,2026-01-01,HINDUNILVR.NS,"GJR-GARCH(1,1) — Student's t",756,1.2185965952813764,19.34462123774729,0.2422526631782374,0.10448985132052092,-0.20845438366520305,0.24251532266615677,3.876218792225078,
2025-12-31,2026-01-01,LT.NS,"GJR-GARCH(1,1) — Student's t",756,1.2305836183660654,19.534909329999753,0.10509837906026752,0.46903029924553347,0.12426326464007548,0.6362603106258387,4.282359937681494,
2025-12-31,2026-01-01,M&M.NS,"GJR-GARCH(1,1) — Student's t",756,1.3063679314640237,20.73794800442207,0.029459595235808038,0.9736314801264379,-0.011523148736571589,0.9973295009939601,5.679096739846216,
2025-12-31,2026-01-01,POWERGRID.NS,"GJR-GARCH(1,1) — Student's t",756,1.4007257103958235,22.235831308329782,0.2527623772566,0.771555117190443,-0.20975807702543756,0.9194384559343243,5.602106512695011,
2025-12-31,2026-01-01,SUNPHARMA.NS,"GJR-GARCH(1,1) — Student's t",756,1.0949917745322801,17.382455538442336,0.038174419754561276,0.8899916538287768,0.02976423901742189,0.943048193092049,6.485097459281045,
2025-12-31,2026-01-01,TCS.NS,"GJR-GARCH(1,1) — Student's t",756,1.2720099798019466,20.192532430489464,2.2329766652771694e-12,0.46740786879337654,0.05352521938936758,0.49417047849029333,4.265226803664137,
2025-12-31,2026-01-01,TRENT.NS,"GJR-GARCH(1,1) — Student's t",756,1.9013469554324924,30.182947200745108,0.004252510225356981,0.9361492421900688,0.06302228536551488,0.9719128950981832,3.2543981324556075,
2026-01-30,2026-02-02,BEL.NS,"GJR-GARCH(1,1) — Student's t",756,2.092493134968148,33.2172987314138,0.19985978290034795,0.30150470277138164,0.29087210514287537,0.6468005382431673,5.092220579549942,
2026-01-30,2026-02-02,BHARTIARTL.NS,"GJR-GARCH(1,1) — Student's t",756,1.0516369119740527,16.694218431715605,0.08977385424605704,0.8416483357169642,-0.06452847928954161,0.8991579503182504,5.08732069819942,
2026-01-30,2026-02-02,HDFCBANK.NS,"GJR-GARCH(1,1) — Student's t",756,1.1141833797021194,17.687112825679556,0.11684947760755984,9.191738376032929e-16,0.21130958275978615,0.22250426898745385,4.348339880301129,
2026-01-30,2026-02-02,HINDUNILVR.NS,"GJR-GARCH(1,1) — Student's t",756,1.1682484584576294,18.54536934368076,0.2508234595443707,0.07976911470772723,-0.2181318927003054,0.22152662790194522,4.019148104903346,
2026-01-30,2026-02-02,LT.NS,"GJR-GARCH(1,1) — Student's t",756,1.4733616129265947,23.388890514436667,0.09105152558447943,0.5052398288251588,0.0981846157714891,0.6453836622953828,4.092805866121879,
2026-01-30,2026-02-02,M&M.NS,"GJR-GARCH(1,1) — Student's t",756,1.5635625036364913,24.820785263566084,0.04560818971846048,0.9456407397168268,-0.005532643501170022,0.9884826076847023,5.295262879835986,
2026-01-30,2026-02-02,POWERGRID.NS,"GJR-GARCH(1,1) — Student's t",756,1.4100703268382113,22.384172495552843,0.260313509563686,0.7699750633923774,-0.2177305121981339,0.9214233168569964,5.59248434379949,
2026-01-30,2026-02-02,SUNPHARMA.NS,"GJR-GARCH(1,1) — Student's t",756,1.3329221591798517,21.159483301182824,0.03888857921564056,0.8837668462370579,0.029052647468872504,0.9371817491871348,6.196738978633246,
2026-01-30,2026-02-02,TCS.NS,"GJR-GARCH(1,1) — Student's t",756,1.2688575470144285,20.142489111405748,1.9287917313529924e-09,0.8952994486696231,0.012636590709997465,0.9016177459534135,4.393045979713693,
2026-01-30,2026-02-02,TRENT.NS,"GJR-GARCH(1,1) — Student's t",756,2.153391992016392,34.18403811668016,0.06539605724543633,0.6222058796508471,0.06662944459450204,0.7209166591935343,2.9673650230342776,
2026-02-27,2026-03-02,BEL.NS,"GJR-GARCH(1,1) — Student's t",756,1.7496274965216023,27.77447545678012,0.0961229511156367,0.6029348070283511,0.20389784297952218,0.8010066796337489,5.008141623411288,
2026-02-27,2026-03-02,BHARTIARTL.NS,"GJR-GARCH(1,1) — Student's t",756,1.339051550699467,21.256784375077128,0.08096140048171639,0.8265559192000612,-0.04420388641436873,0.8854153764745932,5.045166763731892,
2026-02-27,2026-03-02,HDFCBANK.NS,"GJR-GARCH(1,1) — Student's t",756,1.2487404101962547,19.823139464736453,0.10243444942105141,1.5717395565920825e-15,0.21628670926400706,0.2105778040530565,4.343206506319819,
2026-02-27,2026-03-02,HINDUNILVR.NS,"GJR-GARCH(1,1) — Student's t",756,1.1398932987860326,18.095245138421323,0.2733146184835723,4.742234648651945e-15,-0.24094363048516512,0.15284280324099447,3.9448844534463827,
2026-02-27,2026-03-02,LT.NS,"GJR-GARCH(1,1) — Student's t",756,1.4085143695609585,22.35947243951533,0.09267153429234029,0.5136094642250737,0.08238200909500086,0.6474720030649145,3.984036813031932,
2026-02-27,2026-03-02,M&M.NS,"GJR-GARCH(1,1) — Student's t",756,1.5728646201622167,24.968451785527765,0.050904958355951886,0.9361962730800952,-0.008031238824447432,0.9830856120238234,5.699376329696705,
2026-02-27,2026-03-02,POWERGRID.NS,"GJR-GARCH(1,1) — Student's t",756,1.542100744796728,24.48009040403775,0.24554278022517273,0.7833935699140787,-0.20508161837012762,0.9263955409541876,5.3343311731452525,
2026-02-27,2026-03-02,SUNPHARMA.NS,"GJR-GARCH(1,1) — Student's t",756,1.298061889758851,20.60609368003476,0.02603398678412469,0.9054783445533219,0.034638244833136045,0.9488314537540146,5.769193950631117,
2026-02-27,2026-03-02,TCS.NS,"GJR-GARCH(1,1) — Student's t",756,1.6049215749944676,25.477340167184764,0.0,0.9026455960196216,0.029310168443782123,0.9173006802415127,3.9299894203503665,
2026-02-27,2026-03-02,TRENT.NS,"GJR-GARCH(1,1) — Student's t",756,2.2183672345002496,35.215488114610594,0.06556635624533068,0.6042945029796314,0.08472623822063742,0.7122239783352808,2.9801873327502655,
2026-03-30,2026-04-01,BEL.NS,"GJR-GARCH(1,1) — Student's t",756,2.200695328271679,34.93495530017108,0.09812312638289847,0.6037951820293572,0.1995224599257208,0.8016795383751161,5.230307788858698,
2026-03-30,2026-04-01,BHARTIARTL.NS,"GJR-GARCH(1,1) — Student's t",756,1.465022453467884,23.256510462010304,0.08653660920906708,0.8376036260914577,-0.05019151195871795,0.8990444793211658,4.982300892741639,
2026-03-30,2026-04-01,HDFCBANK.NS,"GJR-GARCH(1,1) — Student's t",756,2.464784718886551,39.12724440891637,0.11922366516733464,0.31298582135919206,0.20930220634415805,0.5368605896986057,4.208653633246699,
2026-03-30,2026-04-01,HINDUNILVR.NS,"GJR-GARCH(1,1) — Student's t",756,1.1164410561520612,17.722952328243913,0.27436116843650915,0.0,-0.24742017297542584,0.15065108194879623,4.105652806908266,
2026-03-30,2026-04-01,LT.NS,"GJR-GARCH(1,1) — Student's t",756,2.2683911683892464,36.00959344663912,0.08961218608653351,0.6403264369291074,0.15015397753743706,0.8050156117843594,3.816356653304946,
2026-03-30,2026-04-01,M&M.NS,"GJR-GARCH(1,1) — Student's t",756,2.9308926842564125,46.526478971766124,0.07024069055983939,0.8993104227762888,0.017313131414698056,0.9782076790434773,5.922811909850494,
2026-03-30,2026-04-01,POWERGRID.NS,"GJR-GARCH(1,1) — Student's t",756,1.199234181967426,19.037252455282733,0.23564875168331229,0.7812772113207272,-0.19723358065090552,0.9183091726785867,5.474937745898798,
2026-03-30,2026-04-01,SUNPHARMA.NS,"GJR-GARCH(1,1) — Student's t",756,1.309887002553083,20.79381152610772,0.019594005070477295,0.8997256049976363,0.04574255711935916,0.9421908886277932,5.850587741300667,
2026-03-30,2026-04-01,TCS.NS,"GJR-GARCH(1,1) — Student's t",756,1.4868251357059188,23.602617312706336,0.0,0.9450869127477817,0.019521319319667486,0.9548475724076154,3.893959124210314,
2026-03-30,2026-04-01,TRENT.NS,"GJR-GARCH(1,1) — Student's t",756,2.813279866689628,44.6594333741142,0.06398402284924905,0.6123732210221683,0.11422857733168022,0.7334715325372575,3.0117658557922784,
2026-04-30,2026-05-04,BEL.NS,"GJR-GARCH(1,1) — Student's t",756,1.8066538445505016,28.67974066715624,0.09540878335364228,0.6349502237121183,0.18098028831519702,0.8208491512233591,5.6102491244641906,
2026-04-30,2026-05-04,BHARTIARTL.NS,"GJR-GARCH(1,1) — Student's t",756,1.3101949699201223,20.798700356498372,0.08305074267725103,0.844186385742337,-0.05379965521921144,0.9003373008099822,4.9462444662471645,
2026-04-30,2026-05-04,HDFCBANK.NS,"GJR-GARCH(1,1) — Student's t",756,1.1385264663171115,18.0735473456414,0.1548523414384443,0.5450763727760216,0.07957015064860617,0.739713789538769,4.319452729410934,
2026-04-30,2026-05-04,HINDUNILVR.NS,"GJR-GARCH(1,1) — Student's t",756,1.2086558456336218,19.18681672926622,0.2735038316104089,0.11196925111599822,-0.2510679078978418,0.25993912877748626,4.019887052226285,
2026-04-30,2026-05-04,LT.NS,"GJR-GARCH(1,1) — Student's t",756,1.6575342514000573,26.312540512656998,0.10104727042570162,0.674584043505395,0.12895442055857034,0.8401085242103818,3.7666670211997486,
2026-04-30,2026-05-04,M&M.NS,"GJR-GARCH(1,1) — Student's t",756,2.2611868637219,35.895228655525486,0.04837533166519161,0.9226066087151695,0.026908767375459577,0.9844363240680909,5.903193337032795,
2026-04-30,2026-05-04,POWERGRID.NS,"GJR-GARCH(1,1) — Student's t",756,1.3045668975626312,20.70935747758678,0.22917619654044424,0.7752832771486133,-0.1847087557230346,0.9121050958275402,5.30230956544691,
2026-04-30,2026-05-04,SUNPHARMA.NS,"GJR-GARCH(1,1) — Student's t",756,1.6742369777110022,26.577688072870213,0.0186543646347991,0.8956928542369093,0.05993977041870545,0.9443171040810611,5.224499885156691,
2026-04-30,2026-05-04,TCS.NS,"GJR-GARCH(1,1) — Student's t",756,1.721905637498705,27.33440458765025,0.0,0.9754494817833479,0.01942689594717894,0.9851629297569373,3.9268750613702132,
2026-04-30,2026-05-04,TRENT.NS,"GJR-GARCH(1,1) — Student's t",756,2.9578449122437735,46.95433232696816,0.005311924206016019,0.9907980092084452,-0.0023561974567897557,0.9949318346860663,2.9461532151174796,
2026-05-29,2026-06-01,BEL.NS,"GJR-GARCH(1,1) — Student's t",756,1.9305272408515313,30.646169871173075,0.10780516756926686,0.571787923256004,0.1915750475222274,0.7753806145863845,5.633757491948224,
2026-05-29,2026-06-01,BHARTIARTL.NS,"GJR-GARCH(1,1) — Student's t",756,1.325115050804501,21.035549297864584,0.08479092481249849,0.8061050460787099,-0.03708877861316697,0.8723515815846249,4.445940091557991,
2026-05-29,2026-06-01,HDFCBANK.NS,"GJR-GARCH(1,1) — Student's t",756,1.4932153537575286,23.704058879434548,0.07929445922673811,0.8579641511040678,0.017699734745505905,0.9461084777035588,4.811973611677239,
2026-05-29,2026-06-01,HINDUNILVR.NS,"GJR-GARCH(1,1) — Student's t",756,1.1690424249505058,18.557973171017576,0.24496143906722814,0.1218668839975533,-0.22574285279937095,0.2539568966650959,4.079235486677924,
2026-05-29,2026-06-01,LT.NS,"GJR-GARCH(1,1) — Student's t",756,1.2501807018470106,19.84600338587627,0.09573735621817073,0.6754413831291431,0.1479608444312622,0.8451591615629449,3.7508154873539223,
2026-05-29,2026-06-01,M&M.NS,"GJR-GARCH(1,1) — Student's t",756,1.781934125002129,28.287327284730704,0.05431395339782164,0.9050637436488582,0.024992661421507485,0.9718740277574336,6.171318466729484,
2026-05-29,2026-06-01,POWERGRID.NS,"GJR-GARCH(1,1) — Student's t",756,1.6552265792400636,26.275907352800136,0.22837600421330115,0.7681656727175756,-0.176831209715903,0.9081260720729253,5.191000384566856,
2026-05-29,2026-06-01,SUNPHARMA.NS,"GJR-GARCH(1,1) — Student's t",756,1.4446468773449859,22.93305821856518,0.014559454050451786,0.9006803715523861,0.059620270930915646,0.9450499610682958,5.050503949958387,
2026-05-29,2026-06-01,TCS.NS,"GJR-GARCH(1,1) — Student's t",756,1.5779292406902223,25.04885014393986,5.4269435223271454e-11,0.9687928450885233,0.017905840070992274,0.9777457651782888,3.606297229105622,
2026-05-29,2026-06-01,TRENT.NS,"GJR-GARCH(1,1) — Student's t",756,2.1852513315089683,34.68978945207297,0.03337084412801707,0.8318040145012064,0.031367827037406294,0.8808587721479266,2.9304946216541077,
2026-06-30,2026-07-01,BEL.NS,"GJR-GARCH(1,1) — Student's t",756,1.6404245202046144,26.040931950203163,0.11270096821130635,0.5584827551373469,0.18419125090449986,0.7632793488009032,5.7448950971606925,
2026-06-30,2026-07-01,BHARTIARTL.NS,"GJR-GARCH(1,1) — Student's t",756,1.2155377906424278,19.296064219444556,0.07272986264417712,0.8519734146355847,-0.035403081290645164,0.9070017366344393,4.7420385954158775,
2026-06-30,2026-07-01,HDFCBANK.NS,"GJR-GARCH(1,1) — Student's t",756,1.072076177299531,17.018681709908094,0.08785607929575753,0.7360528623121145,0.0797255596740354,0.8637717214448898,4.636127939677733,
2026-06-30,2026-07-01,HINDUNILVR.NS,"GJR-GARCH(1,1) — Student's t",756,1.1603614543542147,18.420167034998872,0.24229402962271376,0.13293109432090167,-0.22211208955963999,0.2641690791637954,4.105157876560019,
2026-06-30,2026-07-01,LT.NS,"GJR-GARCH(1,1) — Student's t",756,1.35224704724003,21.466256388711187,0.08273445099000287,0.677345888022468,0.18710951348251212,0.8536350957537269,3.7294315452780222,
2026-06-30,2026-07-01,M&M.NS,"GJR-GARCH(1,1) — Student's t",756,1.8172591233004851,28.848094248098082,0.05894640901826787,0.8992068262580021,0.021051048850280002,0.9686787597014099,6.439883367009452,
2026-06-30,2026-07-01,POWERGRID.NS,"GJR-GARCH(1,1) — Student's t",756,1.2393011142830175,19.67329528750861,0.22381841935672991,0.7702728202602984,-0.174282698365685,0.9069498904341857,5.094974220111423,
2026-06-30,2026-07-01,SUNPHARMA.NS,"GJR-GARCH(1,1) — Student's t",756,1.0318654303989614,16.38035589192168,0.029926758538761894,0.8667125103091218,0.0671850613313962,0.9302317995135818,4.6389735937764405,
2026-06-30,2026-07-01,TCS.NS,"GJR-GARCH(1,1) — Student's t",756,1.642199773580953,26.06911322389068,0.05764861155703275,0.18267513742556785,0.010609718534656948,0.24562860824992905,3.3777649213392436,
2026-06-30,2026-07-01,TRENT.NS,"GJR-GARCH(1,1) — Student's t",756,2.2790933618961775,36.17948550165251,0.055847864265274806,0.6552169280680009,0.03665708132782506,0.7293933329971882,2.974788200968896,
