Frontier Portfolio,HDFCBANK.NS,TCS.NS,HINDUNILVR.NS,SUNPHARMA.NS,POWERGRID.NS,BHARTIARTL.NS,LT.NS,M&M.NS,BEL.NS,TRENT.NS
1,0.15500996428370445,0.15959577613661882,0.2,0.19685135532429923,0.11640953922168623,0.12984922546736963,0.011604609090976806,0.0,0.024870120785171416,0.005809409690173426
2,0.1499221079133414,0.15477571556486422,0.2,0.1987722372418645,0.11603574668101513,0.13273983619619412,0.012533110810200927,0.0,0.028460310034570398,0.006760935557949401
3,0.14484745085318793,0.15005094733576205,0.2,0.2,0.1157905460008662,0.13585200530524902,0.013546973619721946,0.0,0.0321361988213202,0.007775878063892668
4,0.13979828113008988,0.14549426950554453,0.2,0.2,0.1157737510008764,0.1393571991966444,0.01470998873349884,0.0,0.03596569123026898,0.008900819203076952
5,0.13458380810919413,0.14102745516788898,0.19999999999999996,0.19999999999999996,0.11560553685675891,0.14238351999196378,0.01552821217455916,0.0017296785196477856,0.03938998883676646,0.009751800343220677
6,0.12933953093637304,0.13657683523378253,0.2,0.2,0.11540934848881323,0.1453234454682429,0.016284642951505,0.0037711667231349693,0.04274101392902514,0.01055401626912315
7,0.12409531561263842,0.13212622789448109,0.2,0.2,0.11521325434246217,0.1482634804189048,0.017041087980193274,0.005812298185342186,0.046092253286050884,0.011356082279927116
8,0.11885091766899399,0.12767548390051248,0.2,0.2,0.11501690764742104,0.1512032777648522,0.017797677435320132,0.007854249725563896,0.049442781720481194,0.012158704136855134
9,0.11360698336364655,0.12322475424857862,0.2,0.2,0.11482072909263917,0.15414293326663162,0.01855396945401953,0.009895365811203717,0.05279401629578189,0.012961248467498993
10,0.10920929752771079,0.1196292595251158,0.19810909011835506,0.2,0.114859689962328,0.15719248816188786,0.019326760137963223,0.011998421143985322,0.05587222860401188,0.013802764818642052
11,0.10518593291983534,0.11641106000461185,0.19538290756867002,0.2,0.11500233514891756,0.16029018542166054,0.020107149901515388,0.014128207542758425,0.05882963645395839,0.014662585038072563
12,0.1011626646471035,0.11319257625102444,0.19265700855061993,0.20000000000000004,0.11514493310762253,0.16338793271653593,0.020887403093719892,0.016257971078025655,0.06178710126624201,0.01552240928910622
13,0.0971393943051374,0.10997409215847889,0.18993111196499698,0.2,0.1152875281599065,0.16648568329819208,0.021667657655292643,0.018387732139601844,0.06474456632507103,0.016382233993322615
14,0.09311612794222922,0.10675560790825023,0.18720521247412236,0.2,0.11543012743907247,0.16958343137908355,0.022447909205579,0.020517492536333722,0.06770203238071451,0.017242058734615037
15,0.08909285648660419,0.10353712776899289,0.1844793126063654,0.2,0.11557272468704988,0.17268118516683054,0.023228158958092146,0.02264725644781769,0.07065949647736096,0.018101881400886283
16,0.085069590080014,0.10031864668661297,0.18175341240070023,0.2,0.1157153228842114,0.175778931363654,0.024008412288788,0.024777014001011042,0.07361696758156709,0.018961702713441237
17,0.08104632630585494,0.09710016662573714,0.17902750847458584,0.2,0.11585792143275701,0.17887668650393396,0.024788659407330212,0.026906771896772635,0.07657443714161041,0.019821522211417815
18,0.07702304945836458,0.09388168240621887,0.17630161582337417,0.2,0.11600051868841485,0.1819744375420814,0.025568918693601214,0.029036533534519765,0.07953190237182114,0.020681341481604002
19,0.07299978964905486,0.09066320584902006,0.1735757087770789,0.2,0.11614311866406707,0.18507218962378566,0.026349161081428537,0.031166289241238807,0.08248937728685019,0.021541159827475943
20,0.06897651656907744,0.08744472673953467,0.17084980978506176,0.2,0.1162857150870029,0.18816994289391403,0.027129420337145885,0.03329604509558505,0.08544684727581221,0.022400976216866094
21,0.06495325099092937,0.0842262468637098,0.16812390757987442,0.2,0.11642831725165094,0.19126769467489688,0.027909666963833787,0.03542580477904015,0.08840431844993812,0.02326079244612654
22,0.06092998437517302,0.08100777114612646,0.1653980035420743,0.2,0.11657091760148496,0.1943654494013073,0.028689916280051502,0.0375555561023953,0.09136179355625443,0.024120607995132676
23,0.05690672036901808,0.0777892938704199,0.1626721000263553,0.2,0.11671352049846374,0.19746320260237404,0.02947016251530652,0.03968530538664786,0.09431927021818119,0.02498042451323343
24,0.05290209505336746,0.07460415489585659,0.15997815833571966,0.19999999999999996,0.11694251244541558,0.19999999999999996,0.030337877066283523,0.041938508649654434,0.09740131745268014,0.02589537610102257
25,0.04898003057730948,0.0715683764286295,0.15743068715784483,0.19999999999999996,0.11756236092579851,0.19999999999999996,0.031605015465106204,0.044753827067226755,0.10104761790681666,0.027052084471268
26,0.04505808247756073,0.06853333026621215,0.15488266459298694,0.2,0.1181824770300499,0.2,0.032871461991259274,0.047568299058747654,0.1046941775525806,0.028209507030602748
27,0.04113614298545546,0.06549827121631605,0.15233464993595439,0.2,0.11880258369245739,0.2,0.03413791597589859,0.050382761755494755,0.10834074058237687,0.029366933856046544
28,0.03721419186985524,0.06246321883273844,0.14978663613797205,0.2,0.11942269362365729,0.2,0.035404375001831107,0.05319722542843189,0.11198730292359518,0.030524356181918802
29,0.03329224306933657,0.05942817645812115,0.1472386112571617,0.19999999999999996,0.12004281473491432,0.19999999999999996,0.03667081789806037,0.05601169386460639,0.11563386487203359,0.031681777845765896
30,0.02937030308205049,0.05639311677696037,0.14469059548881047,0.19999999999999996,0.12066292583287831,0.19999999999999996,0.03793727227976261,0.05882615992699225,0.1192804266555291,0.03283919995701628
31,0.02544836085272684,0.05335807124833639,0.142142572212472,0.19999999999999996,0.12128303931347709,0.19999999999999996,0.039203715842275666,0.061640623530699275,0.12292699311043323,0.03399662388957949
32,0.02152641037948778,0.050323022842595114,0.13959455245855146,0.20000000000000004,0.12190315407955142,0.20000000000000004,0.040470167860567875,0.06445509757179707,0.126573552316081,0.03515404249136847
33,0.017604464283405646,0.04728797633695253,0.1370465294584925,0.2,0.12252327017491611,0.2,0.0417366196615707,0.0672695603524453,0.1302201167716389,0.03631146296057835
34,0.013682518536248883,0.044252923505318384,0.13449851309673674,0.2,0.12314338015930888,0.2,0.04300307141352352,0.07008403099059668,0.1338666791613397,0.03746888313692727
35,0.009760565165603884,0.04121788393770613,0.131950489833099,0.19999999999999996,0.12376349758694645,0.19999999999999996,0.04426952100618009,0.07289849586568745,0.1375132436372272,0.03862630296754967
36,0.005838628100596655,0.0381828329952912,0.12940246594300542,0.2,0.12438361115008621,0.2,0.04553596738194815,0.07571296354094621,0.1411598095166489,0.0397837213714774
37,0.0019166713829741522,0.03514779396059715,0.12685444328018322,0.2,0.1250037299677868,0.2,0.04680241740196108,0.07852743340429785,0.1448063716250846,0.04094113897711513
38,0.0,0.03142098632252751,0.1235171604305509,0.2,0.12542518824396792,0.2,0.047586395338020324,0.08121828967501431,0.14872639836323218,0.04210558162668673
39,0.0,0.02703169918137727,0.11942889420675616,0.2,0.12565364871840817,0.2,0.04790832292303536,0.08379171406650712,0.15290976648831833,0.043275954415597576
40,0.0,0.0226427705812919,0.11533992685173995,0.2,0.1258823358168731,0.2,0.04823074728327544,0.08636499340505101,0.157092894796677,0.04444633126509151
41,0.0,0.01825383808061453,0.11125096575914238,0.19999999999999996,0.12611101397165383,0.19999999999999996,0.048553182161010594,0.08893826994907832,0.1612760292130841,0.04561670086541622
42,0.0,0.013864907688671336,0.10716199173338847,0.2,0.12633970395787242,0.2,0.0488756216369529,0.09151154309031885,0.16545915064811578,0.046787081244680236
43,0.0,0.009475976169975517,0.10307302744375856,0.20000000000000004,0.1265683889236494,0.20000000000000004,0.04919805537317087,0.09408481497213604,0.1696422832934455,0.04795745382386418
44,0.0,0.005087049630830732,0.09898405660461705,0.2,0.126797076513274,0.2,0.04952047965244489,0.09665809609611326,0.17382540916247918,0.04912783234024088
45,0.0,0.000698123645307572,0.0948950920794075,0.2,0.12702575984193942,0.2,0.0498429013198459,0.0992313718442546,0.178008544730363,0.0502982065388819
46,0.0,0.0,0.0879437574077697,0.2,0.12679201039837254,0.2,0.04879083456329175,0.10189512460597448,0.18303574757528307,0.05154252544930846
47,0.0,0.0,0.08045084075839824,0.2,0.12647240892591843,0.2,0.047477573012357284,0.1045761885722841,0.18822248380775242,0.052800504923289596
48,0.0,0.0,0.07295827902336573,0.2,0.1261525613461242,0.2,0.04616378001676655,0.10725741277636743,0.1934094804248327,0.05405848641254332
49,0.0,0.0,0.06546571965625336,0.20000000000000004,0.12583272129945186,0.20000000000000004,0.04484997616217877,0.10993863967001548,0.19859647976899325,0.055316463443107235
50,0.0,0.0,0.05504649183095002,0.2,0.12721295822536888,0.2,0.0452584608794062,0.11472410126869573,0.2,0.05775798779557925
51,0.0,0.0,0.04354212081201586,0.20000000000000004,0.12922128157359036,0.20000000000000004,0.046306154712569235,0.12029227450835539,0.20000000000000004,0.060638168393469076
52,0.0,0.0,0.03203724727200136,0.20000000000000004,0.1312305129548146,0.20000000000000004,0.047354856151563006,0.12585891779607242,0.20000000000000004,0.06351846582554871
53,0.0,0.0,0.020532360959936623,0.20000000000000007,0.13323972087380223,0.20000000000000007,0.04840362056560726,0.13142555009237605,0.20000000000000007,0.0663987475082777
54,0.0,0.0,0.009027485096367555,0.2,0.13524890698772066,0.2,0.0494523686539601,0.13699220390559694,0.2,0.06927903535635466
55,0.0,0.0,0.0,0.19999999999999996,0.13433229515277212,0.19999999999999996,0.04486922195434871,0.1461032930899246,0.19999999999999996,0.07469518980295466
56,0.0,0.0,0.0,0.2,0.12275653017054333,0.19999999999999998,0.01976152614694721,0.1681306581612701,0.2,0.08935128552123948
57,0.0,0.0,0.0,0.2,0.10539855144837781,0.20000000000000004,0.0,0.18990251866246227,0.20000000000000004,0.10469892988915998
58,0.0,0.0,0.0,0.19999999999999993,0.06888270802852373,0.19999999999999996,0.0,0.19999999999999996,0.1999999999999999,0.1311172919714764
59,0.0,0.0,0.0,0.19999999999999993,0.034451729808007384,0.19999999999999993,0.0,0.19999999999999996,0.19999999999999996,0.16554827019199278
60,0.0,0.0,0.0,0.20000000000000004,2.0751584647228127e-05,0.20000000000000004,0.0,0.20000000000000004,0.19999999999999998,0.1999792484153528
